,img,name,price,category,subcategory,link
0,https://whoisnerdy.com/web/product/big/202112/09116c8ba9819310b502398cd76c4c91.png,자가드 로고 테잎 후디 집업 핑크,69 300원,상의,후디,/product/detail.html?product_no=3668&cate_no=30&display_group=2
1,https://whoisnerdy.com/web/product/big/202112/d847682e71cf419eb5849af72b2677d3.png,DNA 모노그램 가디건 퍼플,97 300원,상의,가디건,/product/detail.html?product_no=3759&cate_no=30&display_group=2
2,https://whoisnerdy.com/web/product/big/202112/5bb85f6479a721f73a58224e540a349e.png,마운틴 크루넥 스웨터 그린,76 300원,상의,스웨터,/product/detail.html?product_no=3765&cate_no=30&display_group=2
3,https://whoisnerdy.com/web/product/big/202112/eae499827f7033e0da7d209998fd6a25.png,엔와이 트랙 탑 라이트퍼플,89 000원,상의,트레이닝 복,/product/detail.html?product_no=3620&cate_no=30&display_group=2
4,https://whoisnerdy.com/web/product/big/202201/bb73f1b54a513bcb787b08a02f5e6879.png,서클 로고 롱 슬리브 티셔츠 화이트,44 000원,상의,티셔츠,/product/detail.html?product_no=3537&cate_no=30&display_group=2
5,https://whoisnerdy.com/web/product/big/202112/53aba8abb9b4ca4dca7df90550efd33f.png,오로라 DNA 스웻셔츠 크림,55 300원,상의,맨투맨,/product/detail.html?product_no=3658&cate_no=30&display_group=2
6,https://whoisnerdy.com/web/product/big/202107/060dd96cda8aa5b9ec8a964417615fa2.jpg,백 슬로건 스웻셔츠 크림,75 000원,상의,맨투맨,/product/detail.html?product_no=3540&cate_no=30&display_group=2
7,https://whoisnerdy.com/web/product/big/202203/6728cb336df69053790e12ba7f261490.png,[1&1] 에센셜 캠퍼스 반팔 티셔츠,65 000원,상의,반팔,/product/detail.html?product_no=4864&cate_no=30&display_group=1
8,https://whoisnerdy.com/web/product/big/202203/2a605d5e89abd83c1193c5a9206cf514.jpg,에센셜 캠퍼스 반팔 티셔츠 화이트/블루,36 750원,상의,반팔,/product/detail.html?product_no=4805&cate_no=30&display_group=1
9,https://whoisnerdy.com/web/product/big/202203/2614420ce245b9404febda9ec710ad9a.jpg,에센셜 캠퍼스 반팔 티셔츠 네이비/레드,36 750원,상의,반팔,/product/detail.html?product_no=4804&cate_no=30&display_group=1
10,https://whoisnerdy.com/web/product/big/202203/8bbb7c4951233ae8d3be3ff818e19ea1.jpg,에센셜 캠퍼스 반팔 티셔츠 화이트/그린,36 750원,상의,반팔,/product/detail.html?product_no=4803&cate_no=30&display_group=1
11,https://whoisnerdy.com/web/product/big/202203/070776fc5aa7c24940d3adc7a98ab4f7.png,[1&1] 세리프 슬로건 반팔 티셔츠,65 000원,상의,반팔,/product/detail.html?product_no=4858&cate_no=30&display_group=1
12,https://whoisnerdy.com/web/product/big/202203/d6d6ba4e83cacded73f3c5a7e0348ef7.jpg,세리프 슬로건 반팔 티셔츠 블랙,36 750원,상의,반팔,/product/detail.html?product_no=4820&cate_no=30&display_group=1
13,https://whoisnerdy.com/web/product/big/202203/2eceb8044354da82ecd276f54409ac28.jpg,세리프 슬로건 반팔 티셔츠 화이트,36 750원,상의,반팔,/product/detail.html?product_no=4819&cate_no=30&display_group=1
14,https://whoisnerdy.com/web/product/big/202203/0e1f98e8942523922d15dd41818b6c04.png,[1&1] 비더널드 반팔 티셔츠,65 000원,상의,반팔,/product/detail.html?product_no=4859&cate_no=30&display_group=1
15,https://whoisnerdy.com/web/product/big/202203/3bf8420d3341a86aa7f9814f26cf7b63.jpg,비더널드 반팔 티셔츠 네이비,36 750원,상의,반팔,/product/detail.html?product_no=4818&cate_no=30&display_group=1
16,https://whoisnerdy.com/web/product/big/202203/a68c450190cf4c65c5293cda4425acb8.jpg,비더널드 반팔 티셔츠 크림,36 750원,상의,반팔,/product/detail.html?product_no=4817&cate_no=30&display_group=1
17,https://whoisnerdy.com/web/product/big/202203/f467e095d078adc470e01c434b88158d.jpg,비더널드 반팔 티셔츠 블랙,36 750원,상의,반팔,/product/detail.html?product_no=4816&cate_no=30&display_group=1
18,https://whoisnerdy.com/web/product/big/202203/eade2e4dd3ebea1aeea55e96f875c884.jpg,비더널드 반팔 티셔츠 화이트,36 750원,상의,반팔,/product/detail.html?product_no=4815&cate_no=30&display_group=1
19,https://whoisnerdy.com/web/product/big/202203/547ad619e61760f170f162ffd94058f9.png,[1&1] 에센셜 슬로건 반팔 티셔츠,65 000원,상의,반팔,/product/detail.html?product_no=4860&cate_no=30&display_group=1
20,https://whoisnerdy.com/web/product/big/202203/710faa9d952b28209fe099030247e5d8.jpg,에센셜 슬로건 반팔 티셔츠 블랙,36 750원,상의,반팔,/product/detail.html?product_no=4814&cate_no=30&display_group=1
21,https://whoisnerdy.com/web/product/big/202203/75dba72bc08fd46e611fd3fa19aa6251.jpg,에센셜 슬로건 반팔 티셔츠 화이트,36 750원,상의,반팔,/product/detail.html?product_no=4813&cate_no=30&display_group=1
22,https://whoisnerdy.com/web/product/big/202203/7a68d83b6b85bc24a11876858c74b45d.png,[1&1] DNA 반팔 티셔츠,65 000원,상의,반팔,/product/detail.html?product_no=4861&cate_no=30&display_group=1
23,https://whoisnerdy.com/web/product/big/202203/b8fd55b4995f88b78e39c559ab434e46.jpg,DNA 반팔 티셔츠 블랙,36 750원,상의,반팔,/product/detail.html?product_no=4812&cate_no=30&display_group=1
24,https://whoisnerdy.com/web/product/big/202203/206a1d4b439707d5d8af49e26732ecf6.jpg,DNA 반팔 티셔츠 화이트,36 750원,상의,반팔,/product/detail.html?product_no=4811&cate_no=30&display_group=1
25,https://whoisnerdy.com/web/product/big/202203/6b797abbe1a8bd49128f46cb45200736.png,[1&1] WWW 반팔 티셔츠,65 000원,상의,반팔,/product/detail.html?product_no=4862&cate_no=30&display_group=1
26,https://whoisnerdy.com/web/product/big/202203/5c820f531fd0fd6b6647bac8736c4a6a.jpg,WWW 반팔 티셔츠 블루,36 750원,상의,반팔,/product/detail.html?product_no=4810&cate_no=30&display_group=1
27,https://whoisnerdy.com/web/product/big/202203/a88d7c8e40de7077eb1cc8955afb64fa.jpg,WWW 반팔 티셔츠 블랙,36 750원,상의,반팔,/product/detail.html?product_no=4808&cate_no=30&display_group=1
28,https://whoisnerdy.com/web/product/big/202203/ab0cdc908b4858fb7edb5318feaa60bf.png,[1&1] 미니 DNA 반팔 티셔츠,65 000원,상의,반팔,/product/detail.html?product_no=4863&cate_no=30&display_group=1
29,https://whoisnerdy.com/web/product/big/202203/913309f5a49cf8290107b40d6a3ff36c.jpg,미니 DNA 반팔 티셔츠 화이트/블랙,36 750원,상의,반팔,/product/detail.html?product_no=4806&cate_no=30&display_group=1
30,https://whoisnerdy.com/web/product/big/202203/4032a4646ff3283ae7998ed96f55643e.jpg,미니 DNA 반팔 티셔츠 화이트/퍼플,36 750원,상의,반팔,/product/detail.html?product_no=4807&cate_no=30&display_group=1
31,https://whoisnerdy.com/web/product/big/202203/e2febeb8ac15dc4da4a2c4c0a7ca6e38.jpg,미니 DNA 반팔 티셔츠 블랙,36 750원,상의,반팔,/product/detail.html?product_no=4830&cate_no=30&display_group=1
32,https://whoisnerdy.com/web/product/big/202203/a8969a3469b3798b43f1054981f9c882.jpg,[1&1] 비더널드 풀오버 후디,125 000원,상의,후디,/product/detail.html?product_no=4844&cate_no=30&display_group=1
33,https://whoisnerdy.com/web/product/big/202203/c2d719e63304772891eec37afcdeba9b.png,비더널드 풀오버 후디 블랙,69 000원,상의,후디,/product/detail.html?product_no=4800&cate_no=30&display_group=1
34,https://whoisnerdy.com/web/product/big/202203/b47d854f049ec66116f1ca0f721d226d.png,비더널드 풀오버 후디 그레이,69 000원,상의,후디,/product/detail.html?product_no=4799&cate_no=30&display_group=1
35,https://whoisnerdy.com/web/product/big/202203/ebc24ec2336faf60931c439f70b86d25.jpg,[1&1] DNA 와펜 후디 집업,135 000원,상의,후디,/product/detail.html?product_no=4845&cate_no=30&display_group=1
36,https://whoisnerdy.com/web/product/big/202203/31a3c41e789501358a58ac900b975f60.jpg,DNA 와펜 후디 집업 블랙,74 250원,상의,후디,/product/detail.html?product_no=4802&cate_no=30&display_group=1
37,https://whoisnerdy.com/web/product/big/202203/14213d509844bfbaa3ede5c7485aa178.jpg,DNA 와펜 후디 집업 그레이,74 250원,상의,후디,/product/detail.html?product_no=4801&cate_no=30&display_group=1
38,https://whoisnerdy.com/web/product/big/202203/95150d0e9aed61fd5e3e6d978c6ec6f0.jpg,[1&1] 비더널드 스웻셔츠,115 000원,상의,맨투맨,/product/detail.html?product_no=4843&cate_no=30&display_group=1
39,https://whoisnerdy.com/web/product/big/202203/69fc311d9306f423895ac0abce2bcb60.jpg,비더널드 스웻셔츠 블랙,63 750원,상의,맨투맨,/product/detail.html?product_no=4798&cate_no=30&display_group=1
40,https://whoisnerdy.com/web/product/big/202203/93c37884ba5f267e9a3424ba57283b87.jpg,비더널드 스웻셔츠 네이비,63 750원,상의,맨투맨,/product/detail.html?product_no=4797&cate_no=30&display_group=1
41,https://whoisnerdy.com/web/product/big/202203/714583dde860dbeb5f2f11268422088b.jpg,비더널드 스웻셔츠 그레이,63 750원,상의,맨투맨,/product/detail.html?product_no=4796&cate_no=30&display_group=1
42,https://whoisnerdy.com/web/product/big/202203/0fcc28eedab2c58a32c6f356135a7d3b.png,DNA 플로랄 반팔 티셔츠,49 000원,상의,반팔,/product/detail.html?product_no=4878&cate_no=30&display_group=1
43,https://whoisnerdy.com/web/product/big/202203/887cf780b2a723b6ccc6d10d1bcaba22.png,아이스 로고 반팔 티셔츠,42 000원,상의,반팔,/product/detail.html?product_no=4852&cate_no=30&display_group=1
44,https://whoisnerdy.com/web/product/big/202203/282470552559739d8f9896f46d17bd38.png,엔와이 반팔 티셔츠,42 000원,상의,반팔,/product/detail.html?product_no=4851&cate_no=30&display_group=1
45,https://whoisnerdy.com/web/product/big/202203/1db1e3a84d1dbdb56bfa2d1f125fe5e3.png,셰리프 로고 테리 반팔 폴로 티셔츠,58 500원,상의,반팔,/product/detail.html?product_no=4872&cate_no=30&display_group=1
46,https://whoisnerdy.com/web/product/big/202203/1f56b6f55e18be34b1fc9f594aece0a9.png,컬시브 로고 크롭 반팔 티셔츠,35 100원,상의,반팔,/product/detail.html?product_no=4871&cate_no=30&display_group=1
47,https://whoisnerdy.com/web/product/big/202203/46745c869f485cf37149500d35d11bc4.png,컬시브 로고 슬림 핏 긴팔티,40 500원,상의,긴팔,/product/detail.html?product_no=4870&cate_no=30&display_group=1
48,https://whoisnerdy.com/web/product/big/202203/75c10cb10d9ffca6a3030592a821255e.png,타이거 패턴 슬림핏 롱슬리브 티셔츠,44 100원,상의,티셔츠,/product/detail.html?product_no=4875&cate_no=30&display_group=1
49,https://whoisnerdy.com/web/product/big/202203/14d90393841378b025a8497fed5a8863.png,스티치 로고 스웻셔츠,75 000원,상의,맨투맨,/product/detail.html?product_no=4790&cate_no=30&display_group=1
50,https://whoisnerdy.com/web/product/big/202203/4cf9b088a9c8d4a14992368388919241.png,[1&1] 백 슬로건 반팔 티셔츠,69 000원,상의,반팔,/product/detail.html?product_no=4848&cate_no=30&display_group=1
51,https://whoisnerdy.com/web/product/big/202203/e9e6eedc204543318e46a151b751296a.png,백 슬로건 반팔 티셔츠,39 000원,상의,반팔,/product/detail.html?product_no=4847&cate_no=30&display_group=1
52,https://whoisnerdy.com/web/product/big/202203/b33d12a6bf8fcffe9682aed333e14816.png,[1&1] 에센셜 반팔 티셔츠 화이트,49 000원,상의,반팔,/product/detail.html?product_no=4831&cate_no=30&display_group=1
53,https://whoisnerdy.com/web/product/big/202203/b82d37d39732cee823159eb8afe81c6c.png,에센셜 반팔 티셔츠,35 000원,상의,반팔,/product/detail.html?product_no=4789&cate_no=30&display_group=1
54,https://whoisnerdy.com/web/product/big/202201/5feeccdb874dab9e630377af3c16b209.png,우먼스 크롭 엔와이 반팔 티셔츠,35 100원,상의,반팔,/product/detail.html?product_no=4637&cate_no=30&display_group=1
55,https://whoisnerdy.com/web/product/big/202202/985511a2fa9dbeed996f385ed1b9d7a9.png,바시티 반팔 티셔츠,45 000원,상의,반팔,/product/detail.html?product_no=4734&cate_no=30&display_group=1
56,https://whoisnerdy.com/web/product/big/202203/2bbc40b5f22acaddba93a948e8fc65c1.png,캠퍼스 반팔 티셔츠,45 000원,상의,반팔,/product/detail.html?product_no=4733&cate_no=30&display_group=1
57,https://whoisnerdy.com/web/product/big/202203/f12cb3e779b61c0c6d6353a894bbfd6b.png,지구 롱 슬리브 티셔츠,55 000원,상의,티셔츠,/product/detail.html?product_no=4784&cate_no=30&display_group=1
58,https://whoisnerdy.com/web/product/big/202202/675fab82dd9725c865886cdac3762098.png,유토피아 스웻셔츠,85 000원,상의,맨투맨,/product/detail.html?product_no=4739&cate_no=30&display_group=1
59,https://whoisnerdy.com/web/product/big/202202/017ae0b673d5c4ba9c714fff3f9359de.png,셰리프 로고 칼라 스웻셔츠,85 000원,상의,맨투맨,/product/detail.html?product_no=4748&cate_no=30&display_group=1
60,https://whoisnerdy.com/web/product/big/202201/4d7b67bb19c6e5d4c3b6eb2359d07c51.png,DNA 모노그램 트랙 탑,89 100원,상의,트레이닝 복,/product/detail.html?product_no=4730&cate_no=30&display_group=1
61,https://whoisnerdy.com/web/product/big/202203/43997995b39ce1eef81a4be474a847c1.jpg,엔와이 우븐 반팔 트랙 탑,109 000원,상의,반팔,/product/detail.html?product_no=4721&cate_no=30&display_group=1
62,https://whoisnerdy.com/web/product/big/202201/82c0f1d5ba981605ee5327529cf6ba72.png,그라데이션 엔와이 스웻셔츠,75 000원,상의,맨투맨,/product/detail.html?product_no=4710&cate_no=30&display_group=1
63,https://whoisnerdy.com/web/product/big/202201/29e13d902cda24b96e65b50f5210b019.png,로고 테잎 트랙 탑,89 000원,상의,트레이닝 복,/product/detail.html?product_no=4651&cate_no=30&display_group=1
64,https://whoisnerdy.com/web/product/big/202201/66bd9af5a17568e2b2f1ea41f4ad51e3.png,그라데이션 엔와이 트랙 탑,95 000원,상의,트레이닝 복,/product/detail.html?product_no=4653&cate_no=30&display_group=1
65,https://whoisnerdy.com/web/product/big/202203/0171fe4f7c9179ac4cc68be78cf217a8.png,엔와이 블락 트랙 탑,95 000원,상의,트레이닝 복,/product/detail.html?product_no=4692&cate_no=30&display_group=1
66,https://whoisnerdy.com/web/product/big/202201/84c2e2aca6108d99ed60bfb401ae3ab0.png,타이다잉 크롭 가디건,139 000원,상의,가디건,/product/detail.html?product_no=4706&cate_no=30&display_group=1
67,https://whoisnerdy.com/web/product/big/202201/6ca3842324f0228c67ad3098df383509.png,DNA 모노그램 그라데이션 스웨터,159 000원,상의,스웨터,/product/detail.html?product_no=4705&cate_no=30&display_group=1
68,https://whoisnerdy.com/web/product/big/202201/5ff50146b2b745fe490be8ca0ff2cb15.png,DNA 모노그램 수채화 트랙 탑,109 000원,상의,트레이닝 복,/product/detail.html?product_no=4701&cate_no=30&display_group=1
69,https://whoisnerdy.com/web/product/big/202203/930dac97a9bad4669c5d562974c837f7.png,[1&1] 캠퍼스 풀오버 후디,159 000원,상의,후디,/product/detail.html?product_no=4745&cate_no=30&display_group=1
70,https://whoisnerdy.com/web/product/big/202201/96bd8c0a1a73b56b5e37b2172340f494.png,캠퍼스 풀오버 후디,89 000원,상의,후디,/product/detail.html?product_no=4662&cate_no=30&display_group=1
71,https://whoisnerdy.com/web/product/big/202203/9ad5ff65fc71546c8d9955824d08b3bf.png,[1&1] 엔와이 후디 집업,169 000원,상의,후디,/product/detail.html?product_no=4746&cate_no=30&display_group=1
72,https://whoisnerdy.com/web/product/big/202201/235dfee03ff4558dbd47a85297abb9e6.png,엔와이 후디 집업,95 000원,상의,후디,/product/detail.html?product_no=4660&cate_no=30&display_group=1
73,https://whoisnerdy.com/web/product/big/202203/989c9bdc45dfaad02448329bbae17f95.png,[1&1] DNA 모노그램 스웨터 베스트,179 000원,상의,스웨터,/product/detail.html?product_no=4741&cate_no=30&display_group=1
74,https://whoisnerdy.com/web/product/big/202201/b7db62dcccabeaaf8f82c39094f28bd3.png,DNA 모노그램 스웨터 베스트,99 000원,상의,스웨터,/product/detail.html?product_no=4631&cate_no=30&display_group=1
75,https://whoisnerdy.com/web/product/big/202203/f2d6b23d982af11a81afb19dd7d943c0.png,[1&1] 에센셜 스웨터 베스트,159 000원,상의,스웨터,/product/detail.html?product_no=4740&cate_no=30&display_group=1
76,https://whoisnerdy.com/web/product/big/202202/9a09115967d71800b4ae9e417d0fa159.png,에센셜 스웨터 베스트,89 000원,상의,스웨터,/product/detail.html?product_no=4659&cate_no=30&display_group=1
77,https://whoisnerdy.com/web/product/big/202201/00594302a05aa8820ea15524ba1c2d8c.png,엔와이 반팔 스웻셔츠,69 000원,상의,반팔,/product/detail.html?product_no=4695&cate_no=30&display_group=1
78,https://whoisnerdy.com/web/product/big/202201/4910bdf4e70831d166348b69fde5223f.png,우먼스 크롭 엔와이 트랙 탑,76 500원,상의,트레이닝 복,/product/detail.html?product_no=4629&cate_no=30&display_group=1
79,https://whoisnerdy.com/web/product/big/202203/5eff2f091b29b9d99120a427a875f52c.png,우먼스 크롭 엔와이 후디 집업,76 500원,상의,후디,/product/detail.html?product_no=4635&cate_no=30&display_group=1
80,https://whoisnerdy.com/web/product/big/202201/d577b39fe6cfff64fdab96d4253f0fdf.png,우먼스 크롭 엔와이 스웻셔츠,58 500원,상의,맨투맨,/product/detail.html?product_no=4634&cate_no=30&display_group=1
81,https://whoisnerdy.com/web/product/big/202203/470068fa76f0020b11dfa10d5e004e6c.jpg,로고 테잎 스웻셔츠,79 000원,상의,맨투맨,/product/detail.html?product_no=4632&cate_no=30&display_group=1
82,https://whoisnerdy.com/web/product/big/202112/72bd17daad8eafe83de646a1f287e119.png,엔와이 벨벳 후디 집업 네이비,79 200원,상의,후디,/product/detail.html?product_no=4318&cate_no=30&display_group=1
83,https://whoisnerdy.com/web/product/big/202112/e150291dc5a318d64593ccaafccab0d7.png,엔와이 벨벳 후디 집업 블랙,79 200원,상의,후디,/product/detail.html?product_no=4316&cate_no=30&display_group=1
84,https://whoisnerdy.com/web/product/big/202112/0eb098cda11f700404b7f8420df9fd6c.png,에센셜 브러시드 후디 집업 라이트퍼플,69 300원,상의,후디,/product/detail.html?product_no=4290&cate_no=30&display_group=1
85,https://whoisnerdy.com/web/product/big/202112/c1e34f10cdb9ad7796ce813d227bb4c9.png,에센셜 브러시드 후디 집업 그레이,69 300원,상의,후디,/product/detail.html?product_no=4289&cate_no=30&display_group=1
86,https://whoisnerdy.com/web/product/big/202112/36a9bee0b3706dcd75ac894c1462fb89.png,에센셜 브러시드 후디 집업 민트,69 300원,상의,후디,/product/detail.html?product_no=4288&cate_no=30&display_group=1
87,https://whoisnerdy.com/web/product/big/202112/8223aee6bba65936a7ee4944fcdfdae6.png,에센셜 브러시드 후디 집업 블랙,69 300원,상의,후디,/product/detail.html?product_no=4287&cate_no=30&display_group=1
88,https://whoisnerdy.com/web/product/big/202112/b2564eb33198fd8534959ead9bf0c7a2.png,널디 X 아트모스 DNA 수채화 스웻셔츠 민트,99 000원,상의,맨투맨,/product/detail.html?product_no=4274&cate_no=30&display_group=1
89,https://whoisnerdy.com/web/product/big/202112/b522a661db78a642d707c2d65b6fe9c0.png,널디 X 아트모스 DNA 수채화 스웻셔츠 퍼플,99 000원,상의,맨투맨,/product/detail.html?product_no=4273&cate_no=30&display_group=1
90,https://whoisnerdy.com/web/product/big/202112/7991bb4691ccdfafc229351d7cb7e325.png,DNA 모노그램 블락 후디 집업 스카이블루,99 000원,상의,후디,/product/detail.html?product_no=4258&cate_no=30&display_group=1
91,https://whoisnerdy.com/web/product/big/202112/6ecad1dff0ee5a84a084fc3abe039eb8.png,DNA 모노그램 블락 후디 집업 크림,99 000원,상의,후디,/product/detail.html?product_no=4257&cate_no=30&display_group=1
92,https://whoisnerdy.com/web/product/big/202112/c5ee08553f51c85514b4be1e2b2760ac.png,DNA 모노그램 블락 후디 집업 블랙,99 000원,상의,후디,/product/detail.html?product_no=4256&cate_no=30&display_group=1
93,https://whoisnerdy.com/web/product/big/202112/bdec543a64e35b1d3d53c3703edf9fe2.png,[널디X싸이월드] 후디 집업 크림,99 000원,상의,후디,/product/detail.html?product_no=4026&cate_no=30&display_group=1
94,https://whoisnerdy.com/web/product/big/202201/278d1806ebefc3f4f04c5dd029dc6fbb.png,[널디X싸이월드] 후디 집업 블랙,99 000원,상의,후디,/product/detail.html?product_no=4025&cate_no=30&display_group=1
95,https://whoisnerdy.com/web/product/big/202112/09116c8ba9819310b502398cd76c4c91.png,자가드 로고 테잎 후디 집업 핑크,69 300원,상의,후디,/product/detail.html?product_no=3668&cate_no=30&display_group=1
96,https://whoisnerdy.com/web/product/big/202112/6e9d5ca2cf7801e8facbde54cc2ebdd6.png,마운틴 크루넥 스웨터 퍼플,76 300원,상의,스웨터,/product/detail.html?product_no=3766&cate_no=30&display_group=1
97,https://whoisnerdy.com/web/product/big/202112/5bb85f6479a721f73a58224e540a349e.png,마운틴 크루넥 스웨터 그린,76 300원,상의,스웨터,/product/detail.html?product_no=3765&cate_no=30&display_group=1
98,https://whoisnerdy.com/web/product/big/202112/5ebf89330025c58fd9b01ca538ff6316.png,로고 크루넥 스웨터 퍼플,69 300원,상의,스웨터,/product/detail.html?product_no=3764&cate_no=30&display_group=1
99,https://whoisnerdy.com/web/product/big/202112/19c54915651e63de81aa681f9826c002.png,로고 크루넥 스웨터 크림,69 300원,상의,스웨터,/product/detail.html?product_no=3763&cate_no=30&display_group=1
100,https://whoisnerdy.com/web/product/big/202112/8f0b09855ac63aeec32378b4190c946d.png,로고 크루넥 스웨터 블랙,69 300원,상의,스웨터,/product/detail.html?product_no=3762&cate_no=30&display_group=1
101,https://whoisnerdy.com/web/product/big/202112/8a6bcd583f8d4eb47e41b80c8f72bc0a.png,엔와이 가디건 크림,97 300원,상의,가디건,/product/detail.html?product_no=3761&cate_no=30&display_group=1
102,https://whoisnerdy.com/web/product/big/202112/fc7b58068b65af9bd61abfc7a55bd0cb.png,엔와이 가디건 블랙,97 300원,상의,가디건,/product/detail.html?product_no=3760&cate_no=30&display_group=1
103,https://whoisnerdy.com/web/product/big/202112/d847682e71cf419eb5849af72b2677d3.png,DNA 모노그램 가디건 퍼플,97 300원,상의,가디건,/product/detail.html?product_no=3759&cate_no=30&display_group=1
104,https://whoisnerdy.com/web/product/big/202112/b8afde33416686fa2d8bfe3594b00f5a.png,DNA 모노그램 가디건 블랙,97 300원,상의,가디건,/product/detail.html?product_no=3758&cate_no=30&display_group=1
105,https://whoisnerdy.com/web/product/big/202201/c0c1c6aee9464d681205193c40807a02.png,자가드 로고 테잎 트랙 탑 핑크,62 300원,상의,트레이닝 복,/product/detail.html?product_no=3565&cate_no=30&display_group=1
106,https://whoisnerdy.com/web/product/big/202201/557605acec3cc1919566759024aa804a.png,자가드 로고 테잎 트랙 탑 스카이블루,62 300원,상의,트레이닝 복,/product/detail.html?product_no=3564&cate_no=30&display_group=1
107,https://whoisnerdy.com/web/product/big/202201/de9a007bdfa2b3ab26130f99087b67e2.png,자가드 로고 테잎 스웻셔츠 핑크,55 300원,상의,맨투맨,/product/detail.html?product_no=3553&cate_no=30&display_group=1
108,https://whoisnerdy.com/web/product/big/202201/e38ad9d7b29644b206aba2b45e9da9e1.png,자가드 로고 테잎 스웻셔츠 크림,55 300원,상의,맨투맨,/product/detail.html?product_no=3552&cate_no=30&display_group=1
109,https://whoisnerdy.com/web/product/big/202201/07a29b2bc28d8b3919f93fddbc89f26c.png,DNA 모노그램 테이프 트랙 탑 퍼플,89 100원,상의,트레이닝 복,/product/detail.html?product_no=2900&cate_no=30&display_group=1
110,https://whoisnerdy.com/web/product/big/202201/16ac43b8ff202eac4a6ba60074cbdc6d.png,DNA 모노그램 테이프 트랙 탑 크림,89 100원,상의,트레이닝 복,/product/detail.html?product_no=2899&cate_no=30&display_group=1
111,https://whoisnerdy.com/web/product/big/202112/d409fec884bd70ee2693d9cb36532d5a.png,빅 로고 풀오버 후디 라이트퍼플,79 000원,상의,후디,/product/detail.html?product_no=3546&cate_no=30&display_group=1
112,https://whoisnerdy.com/web/product/big/202108/80dd6bdb6a17a3861197b875692ac994.jpg,부클 베이식 로고 스웻셔츠 브라운,52 500원,상의,맨투맨,/product/detail.html?product_no=3611&cate_no=30&display_group=1
113,https://whoisnerdy.com/web/product/big/202112/5844e4877dabf5fffba8eb728d8accac.png,부클 베이식 로고 스웻셔츠 블랙,52 500원,상의,맨투맨,/product/detail.html?product_no=3609&cate_no=30&display_group=1
114,https://whoisnerdy.com/web/product/big/202112/b517053fd169559d2a8441ba8ed686b5.png,백 슬로건 스웻셔츠 그레이,75 000원,상의,맨투맨,/product/detail.html?product_no=3541&cate_no=30&display_group=1
115,https://whoisnerdy.com/web/product/big/202201/6be76e09077555dbe607837a32c06538.png,서클 로고 롱 슬리브 티셔츠 라이트퍼플,44 000원,상의,티셔츠,/product/detail.html?product_no=3538&cate_no=30&display_group=1
116,https://whoisnerdy.com/web/product/big/202201/5e820f8f185469b50c9d744effd805f4.png,서클 로고 롱 슬리브 티셔츠 블랙,44 000원,상의,티셔츠,/product/detail.html?product_no=3535&cate_no=30&display_group=1
117,https://whoisnerdy.com/web/product/big/202112/98eabe5b3df6c441f95f87e6654641b2.png,백 슬로건 스웻셔츠 라이트퍼플,75 000원,상의,맨투맨,/product/detail.html?product_no=3542&cate_no=30&display_group=1
118,https://whoisnerdy.com/web/product/big/202112/0b52c3471500f7000806d64027a60128.png,백 슬로건 스웻셔츠 블랙,75 000원,상의,맨투맨,/product/detail.html?product_no=3539&cate_no=30&display_group=1
119,https://whoisnerdy.com/web/product/big/202201/b419a51a70fe70cfde76c416d3f89bca.png,엔와이 후디드 드레스 그레이,79 200원,상의,후디,/product/detail.html?product_no=3665&cate_no=30&display_group=1
120,https://whoisnerdy.com/web/product/big/202201/cff0b448c1f5b2889de8abe67e3a3522.png,엔와이 후디드 드레스 블랙,79 200원,상의,후디,/product/detail.html?product_no=3664&cate_no=30&display_group=1
121,https://whoisnerdy.com/web/product/big/202201/0d28fbbc609f12e94d0d80af770fe625.png,엔와이 후디드 드레스 크림,79 200원,상의,후디,/product/detail.html?product_no=3663&cate_no=30&display_group=1
122,https://whoisnerdy.com/web/product/big/202112/77d64d46e0c9969939a40b79a2221fbf.png,오로라 DNA 스웻셔츠 머스타드,55 300원,상의,맨투맨,/product/detail.html?product_no=3659&cate_no=30&display_group=1
123,https://whoisnerdy.com/web/product/big/202112/12da9b8e45aecc16f0b87646278d58cd.png,오로라 DNA 스웻셔츠 블랙,55 300원,상의,맨투맨,/product/detail.html?product_no=3657&cate_no=30&display_group=1
124,https://whoisnerdy.com/web/product/big/202112/aa1b3fafb58158868ce59756125e729e.png,빅 DNA 스웻셔츠 라이트퍼플,55 300원,상의,맨투맨,/product/detail.html?product_no=3656&cate_no=30&display_group=1
125,https://whoisnerdy.com/web/product/big/202112/34f10f32e08200ed786f80bb62e33480.png,빅 DNA 스웻셔츠 블랙,55 300원,상의,맨투맨,/product/detail.html?product_no=3655&cate_no=30&display_group=1
126,https://whoisnerdy.com/web/product/big/202112/eae499827f7033e0da7d209998fd6a25.png,엔와이 트랙 탑 라이트퍼플,89 000원,상의,트레이닝 복,/product/detail.html?product_no=3620&cate_no=30&display_group=1
127,https://whoisnerdy.com/web/product/big/202112/aceb586d8c92acc936e8d3440ee6edc3.png,엔와이 트랙 탑 민트,89 000원,상의,트레이닝 복,/product/detail.html?product_no=3619&cate_no=30&display_group=1
128,https://whoisnerdy.com/web/product/big/202112/1c384e4bfc533c677d3e74ba246a168b.png,엔와이 트랙 탑 핑크,89 000원,상의,트레이닝 복,/product/detail.html?product_no=3618&cate_no=30&display_group=1
129,https://whoisnerdy.com/web/product/big/202112/71acc67f7337cff53d6c2e72524391f8.png,엔와이 트랙 탑 크림,89 000원,상의,트레이닝 복,/product/detail.html?product_no=3617&cate_no=30&display_group=1
130,https://whoisnerdy.com/web/product/big/202112/fb85dd3c8563111c3e430be786898732.png,엔와이 트랙 탑 블랙,89 000원,상의,트레이닝 복,/product/detail.html?product_no=3616&cate_no=30&display_group=1
131,https://whoisnerdy.com/web/product/big/202201/781b5aa2e8755ef623f42c01d169a4c5.png,DNA 모노그램 테이프 트랙 탑 블랙,89 100원,상의,트레이닝 복,/product/detail.html?product_no=2898&cate_no=30&display_group=1
132,https://whoisnerdy.com/web/product/big/202201/4d218f908021aa98e6998e4d3456ed38.png,DNA 모노그램 테이프 트랙 탑 스카이블루,89 100원,상의,트레이닝 복,/product/detail.html?product_no=3898&cate_no=30&display_group=1
133,https://whoisnerdy.com/web/product/big/202112/93b1cf025163696ad0c4a8600f6e4a1a.png,에일리언 슬로건 풀오버 후디 라이트퍼플,62 300원,상의,후디,/product/detail.html?product_no=3859&cate_no=30&display_group=1
134,https://whoisnerdy.com/web/product/big/202112/4e4e1304b8ca2d98254f6171ecde471c.png,에일리언 슬로건 풀오버 후디 블랙,62 300원,상의,후디,/product/detail.html?product_no=3857&cate_no=30&display_group=1
135,https://whoisnerdy.com/web/product/big/202112/bf00f49eaa0e59d875c5a78ee6d30afd.png,백 에일리언 풀오버 후디 틸블루,62 300원,상의,후디,/product/detail.html?product_no=3856&cate_no=30&display_group=1
136,https://whoisnerdy.com/web/product/big/202112/3746347f33103ba33df89c3f034d644a.png,백 에일리언 풀오버 후디 크림,62 300원,상의,후디,/product/detail.html?product_no=3855&cate_no=30&display_group=1
137,https://whoisnerdy.com/web/product/big/202112/fadd3c33a6ccdd2975d99d1510faed5a.png,UFO 로고 스웻셔츠 퍼플,55 300원,상의,맨투맨,/product/detail.html?product_no=3854&cate_no=30&display_group=1
138,https://whoisnerdy.com/web/product/big/202112/3ea1ead0b6b160d0b4bb1eb8c0fa1601.png,UFO 로고 스웻셔츠 크림,55 300원,상의,맨투맨,/product/detail.html?product_no=3853&cate_no=30&display_group=1
139,https://whoisnerdy.com/web/product/big/202112/435d4d1e195a0eb2389d10b283268041.png,UFO 로고 스웻셔츠 블랙,55 300원,상의,맨투맨,/product/detail.html?product_no=3852&cate_no=30&display_group=1
140,https://whoisnerdy.com/web/product/big/202201/007fba4a1ce32ba29511f87539b5708d.png,우먼스 크롭 엔와이 풀오버 후디 민트,63 200원,상의,후디,/product/detail.html?product_no=3815&cate_no=30&display_group=1
141,https://whoisnerdy.com/web/product/big/202201/227d047ba22e69a7292be0a40b849ac0.png,우먼스 크롭 엔와이 풀오버 후디 핑크,63 200원,상의,후디,/product/detail.html?product_no=3814&cate_no=30&display_group=1
142,https://whoisnerdy.com/web/product/big/202201/0822867e7d1f05bcab8ebf5b84525bb9.png,우먼스 크롭 엔와이 풀오버 후디 크림,63 200원,상의,후디,/product/detail.html?product_no=3813&cate_no=30&display_group=1
143,https://whoisnerdy.com/web/product/big/202201/b6544847b3df014da03fd4e9eaee931f.png,우먼스 크롭 엔와이 풀오버 후디 블랙,63 200원,상의,후디,/product/detail.html?product_no=3812&cate_no=30&display_group=1
144,https://whoisnerdy.com/web/product/big/202112/84d345f76ba16096ae93f9d4bae58408.png,에일리언 엔와이 트랙 스웻셔츠 화이트,59 500원,상의,트레이닝 복,/product/detail.html?product_no=3798&cate_no=30&display_group=1
145,https://whoisnerdy.com/web/product/big/202112/2e1be2e4d001473c6033c67ec34f93df.png,에일리언 엔와이 트랙 스웻셔츠 차콜,59 500원,상의,트레이닝 복,/product/detail.html?product_no=3797&cate_no=30&display_group=1
146,https://whoisnerdy.com/web/product/big/202201/1f4a0be83e9365b0b5d22ab5f175e292.png,도넛 로고 롱 슬리브 티셔츠 화이트,47 200원,상의,티셔츠,/product/detail.html?product_no=3796&cate_no=30&display_group=1
147,https://whoisnerdy.com/web/product/big/202201/0c8805da256d96aad1906b0463082ad8.png,도넛 로고 롱 슬리브 티셔츠 블랙,47 200원,상의,티셔츠,/product/detail.html?product_no=3795&cate_no=30&display_group=1
148,https://whoisnerdy.com/web/product/big/202112/f476242f0b9789bd5cbff93797571555.png,서울 DNA 풀오버 후디 다크퍼플,62 300원,상의,후디,/product/detail.html?product_no=3705&cate_no=30&display_group=1
149,https://whoisnerdy.com/web/product/big/202112/23f95be819332a9b80c0d3dd8749e3da.png,서울 DNA 풀오버 후디 민트,62 300원,상의,후디,/product/detail.html?product_no=3704&cate_no=30&display_group=1
150,https://whoisnerdy.com/web/product/big/202112/db379264e532346abc4c3fc4def66320.png,서울 DNA 풀오버 후디 블랙,62 300원,상의,후디,/product/detail.html?product_no=3703&cate_no=30&display_group=1
151,https://whoisnerdy.com/web/product/big/202112/93182f9ced39947c58da767bb09a763c.png,엔와이 우븐팬츠 라이트그레이,89 000원,상의,티셔츠,/product/detail.html?product_no=3676&cate_no=30&display_group=1
152,https://whoisnerdy.com/web/product/big/202112/a98476dce850530aaf842d3a9602c8f8.png,엔와이 우븐팬츠 민트,89 000원,상의,티셔츠,/product/detail.html?product_no=3675&cate_no=30&display_group=1
153,https://whoisnerdy.com/web/product/big/202112/c9d3924ec7c0e994fb7a9a383ee1661b.png,엔와이 우븐팬츠 블랙,89 000원,상의,티셔츠,/product/detail.html?product_no=3674&cate_no=30&display_group=1
154,https://whoisnerdy.com/web/product/big/202112/623bc967ed24cf02a743e9c474e94d61.png,엔와이 윈드브레이커 라이트그레이,129 000원,상의,티셔츠,/product/detail.html?product_no=3673&cate_no=30&display_group=1
155,https://whoisnerdy.com/web/product/big/202112/6577ea058e5b24a920e0b1af1a10ed37.png,엔와이 윈드브레이커 민트,129 000원,상의,티셔츠,/product/detail.html?product_no=3672&cate_no=30&display_group=1
156,https://whoisnerdy.com/web/product/big/202112/4c2e3e286c8d87462b95f5d769c1f2ef.png,엔와이 윈드브레이커 블랙,129 000원,상의,티셔츠,/product/detail.html?product_no=3671&cate_no=30&display_group=1
157,https://whoisnerdy.com/web/product/big/202108/e98ecf6ad9a83eccef077ca6920b4c2a.jpg,자가드 로고 테잎 후디 집업 블랙,69 300원,상의,후디,/product/detail.html?product_no=3670&cate_no=30&display_group=1
158,https://whoisnerdy.com/web/product/big/202112/f4ccd3a5198debd4e927a72254359ce2.png,엔와이 벨벳 후디 집업 민트,79 200원,상의,후디,/product/detail.html?product_no=4317&cate_no=30&display_group=1
159,https://whoisnerdy.com/web/product/big/202112/b399cf3f6a412ce27ccd44c62900de3d.png,엔와이 벨벳 스웻셔츠 네이비,68 000원,상의,맨투맨,/product/detail.html?product_no=4324&cate_no=30&display_group=1
160,https://whoisnerdy.com/web/product/big/202112/e67c1ba0b5b75199fa5bd93074159928.png,엔와이 벨벳 스웻셔츠 민트,68 000원,상의,맨투맨,/product/detail.html?product_no=4323&cate_no=30&display_group=1
161,https://whoisnerdy.com/web/product/big/202112/549a92bcaddf0dd9639378f8cc2ecac7.png,엔와이 벨벳 스웻셔츠 블랙,68 000원,상의,맨투맨,/product/detail.html?product_no=4322&cate_no=30&display_group=1
162,https://whoisnerdy.com/web/product/big/202112/dacbdfb23fcb74b13aec899dc64b0ede.png,DNA 블락 벨벳 트랙 탑 버건디,87 200원,상의,트레이닝 복,/product/detail.html?product_no=3984&cate_no=30&display_group=1
163,https://whoisnerdy.com/web/product/big/202112/ea59a407499c89ad5bbff615f5d1f906.png,DNA 블락 벨벳 트랙 탑 크림,87 200원,상의,트레이닝 복,/product/detail.html?product_no=3983&cate_no=30&display_group=1
164,https://whoisnerdy.com/web/product/big/202112/0cc78a569890632510588acfd012bf49.png,DNA 블락 벨벳 트랙 탑 블랙,87 200원,상의,트레이닝 복,/product/detail.html?product_no=3982&cate_no=30&display_group=1
165,https://whoisnerdy.com/web/product/big/202201/98252ae66c85a1f232a29f9a22ccacce.png,널디 X 아트모스 DNA 수채화 벨벳 트랙 탑 민트,139 000원,상의,트레이닝 복,/product/detail.html?product_no=4276&cate_no=30&display_group=1
166,https://whoisnerdy.com/web/product/big/202201/6fe306fa98445f59a3c3b3baa0c13a14.png,널디 X 아트모스 DNA 수채화 벨벳 트랙 탑 퍼플,139 000원,상의,트레이닝 복,/product/detail.html?product_no=4275&cate_no=30&display_group=1
167,https://whoisnerdy.com/web/product/big/202112/2c69928a64202ba932acc6e24fb7759b.png,플리스 조거 팬츠 퍼플,59 500원,하의,조거 팬츠,/product/detail.html?product_no=3668&cate_no=30&display_group=2
168,https://whoisnerdy.com/web/product/big/202112/4e4146eb385bc71b13c222ee5b5d88dd.png,엔와이 플리스 트랙 팬츠 라이트퍼플,68 000원,하의,트레이닝 바지,/product/detail.html?product_no=3759&cate_no=30&display_group=2
169,https://whoisnerdy.com/web/product/big/202201/2edaa684d9162efa3c0bbeb500af710f.png,자가드 로고 테잎 스웻팬츠 핑크,55 300원,하의,바지,/product/detail.html?product_no=3765&cate_no=30&display_group=2
170,https://whoisnerdy.com/web/product/big/202112/93182f9ced39947c58da767bb09a763c.png,엔와이 우븐팬츠 라이트그레이,89 000원,하의,바지,/product/detail.html?product_no=3620&cate_no=30&display_group=2
171,https://whoisnerdy.com/web/product/big/202112/64b3d6095583107acd50aedcab874b7a.png,우먼스 엔와이 조거 팬츠 핑크,60 000원,하의,조거 팬츠,/product/detail.html?product_no=3537&cate_no=30&display_group=2
172,https://whoisnerdy.com/web/product/big/202112/2ed3900b2ec14d1c7cc2641d22cc7b7a.png,엔와이 트랙 팬츠 라이트퍼플,79 000원,하의,트레이닝 바지,/product/detail.html?product_no=3658&cate_no=30&display_group=2
173,https://whoisnerdy.com/web/product/big/202112/14fef08402ea26c1fc5fb36812a27ae0.png,우먼스 엔와이 조거 팬츠 민트,60 000원,하의,조거 팬츠,/product/detail.html?product_no=3540&cate_no=30&display_group=2
174,https://whoisnerdy.com/web/product/big/202112/ae56b5d7b3bee43ce5bbfa9dd9695a26.png,엔와이 미들 로고 레깅스 블랙/민트,49 000원,하의,레깅스,/product/detail.html?product_no=4864&cate_no=30&display_group=1
175,https://whoisnerdy.com/web/product/big/202203/41f193396acc191018d165be8222634e.png,셰리프 로고 테리 쇼츠,53 100원,하의,바지,/product/detail.html?product_no=4805&cate_no=30&display_group=1
176,https://whoisnerdy.com/web/product/big/202203/ff6c1514dc40a012329c692ff439b326.png,그라데이션 데님 쇼츠,80 100원,하의,데님,/product/detail.html?product_no=4804&cate_no=30&display_group=1
177,https://whoisnerdy.com/web/product/big/202203/dd379aefc771757d8f94fcdbc66361c6.png,그라데이션 데님 팬츠,107 100원,하의,데님,/product/detail.html?product_no=4803&cate_no=30&display_group=1
178,https://whoisnerdy.com/web/product/big/202203/201f3726d7cfa95af9e32a2a5c08ace3.png,스티치 로고 하프팬츠,65 000원,하의,바지,/product/detail.html?product_no=4858&cate_no=30&display_group=1
179,https://whoisnerdy.com/web/product/big/202203/d42dcf5e468f6e44aff2e3b08b72d294.png,우먼스 우븐 롱 스커트,79 000원,하의,스커트,/product/detail.html?product_no=4820&cate_no=30&display_group=1
180,https://whoisnerdy.com/web/product/big/202203/82fb4bd6d63599fa0ccb6f93b545ca96.png,엔와이 우븐 하프팬츠,75 000원,하의,바지,/product/detail.html?product_no=4819&cate_no=30&display_group=1
181,https://whoisnerdy.com/web/product/big/202203/f0b0a53a29cb13a371b1e67795bfe71d.png,컬러 블락 우븐 팬츠,99 000원,하의,바지,/product/detail.html?product_no=4859&cate_no=30&display_group=1
182,https://whoisnerdy.com/web/product/big/202202/d27ac26bdce5a9c913f0cf106aaa0ace.png,셰리프 로고 와이드 조거 팬츠,79 000원,하의,조거 팬츠,/product/detail.html?product_no=4818&cate_no=30&display_group=1
183,https://whoisnerdy.com/web/product/big/202201/a0b0a737d8d8f7939cc5b3f0a9943ac8.png,DNA 모노그램 테이프 트랙 팬츠,80 100원,하의,트레이닝 바지,/product/detail.html?product_no=4817&cate_no=30&display_group=1
184,https://whoisnerdy.com/web/product/big/202202/4670f255ac34c1fbe7857c11e331ab79.png,엔와이 우븐 트랙 하프팬츠,69 000원,하의,트레이닝 바지,/product/detail.html?product_no=4816&cate_no=30&display_group=1
185,https://whoisnerdy.com/web/product/big/202202/6a8ca41046bc3fd911607ea9fb4ece32.png,로고 테잎 하프팬츠,59 000원,하의,바지,/product/detail.html?product_no=4815&cate_no=30&display_group=1
186,https://whoisnerdy.com/web/product/big/202203/429f5346b8db2c6f6ef98fe0f90a7eda.png,우먼스 엔와이 쇼츠,47 700원,하의,바지,/product/detail.html?product_no=4860&cate_no=30&display_group=1
187,https://whoisnerdy.com/web/product/big/202201/f7e3661ec942f7df9b7a56ccef7cf854.png,그라데이션 엔와이 조거 팬츠,79 000원,하의,조거 팬츠,/product/detail.html?product_no=4814&cate_no=30&display_group=1
188,https://whoisnerdy.com/web/product/big/202201/845b27817706a58036784c121677aaf3.png,그라데이션 엔와이 트랙 하프팬츠,65 000원,하의,트레이닝 바지,/product/detail.html?product_no=4813&cate_no=30&display_group=1
189,https://whoisnerdy.com/web/product/big/202201/2bba884ce25737950b456ee55a2fdcbc.png,DNA 모노그램 수채화 트랙 하프팬츠,69 000원,하의,트레이닝 바지,/product/detail.html?product_no=4861&cate_no=30&display_group=1
190,https://whoisnerdy.com/web/product/big/202201/babe1c77c286553d074c92123138cad8.png,그라데이션 엔와이 트랙 팬츠,85 000원,하의,트레이닝 바지,/product/detail.html?product_no=4812&cate_no=30&display_group=1
191,https://whoisnerdy.com/web/product/big/202201/5d117590ea30e5155d6f439d07c07446.png,엔와이 조거 팬츠,75 000원,하의,조거 팬츠,/product/detail.html?product_no=4811&cate_no=30&display_group=1
192,https://whoisnerdy.com/web/product/big/202201/6968d62bef61901784df06999cb1c9c1.png,엔와이 하프팬츠,59 000원,하의,바지,/product/detail.html?product_no=4862&cate_no=30&display_group=1
193,https://whoisnerdy.com/web/product/big/202203/2607bd0a1df579c8ef8157d058805b1d.png,엔와이 블락 트랙 팬츠,85 000원,하의,트레이닝 바지,/product/detail.html?product_no=4810&cate_no=30&display_group=1
194,https://whoisnerdy.com/web/product/big/202201/3864612858c1c354749eacf279da6336.png,캠퍼스 조거 팬츠,85 000원,하의,조거 팬츠,/product/detail.html?product_no=4808&cate_no=30&display_group=1
195,https://whoisnerdy.com/web/product/big/202201/67e01e9c5665b6652764c661f2a393b1.png,로고 테잎 트랙 팬츠,79 000원,하의,트레이닝 바지,/product/detail.html?product_no=4863&cate_no=30&display_group=1
196,https://whoisnerdy.com/web/product/big/202201/cea89b43f93b69508525ae9b75b20c97.png,로고 테잎 트랙 하프팬츠,59 000원,하의,트레이닝 바지,/product/detail.html?product_no=4806&cate_no=30&display_group=1
197,https://whoisnerdy.com/web/product/big/202202/7c4d977b9dd5715c750bbb1edf8d76b2.png,엔와이 우븐 팬츠,89 000원,하의,바지,/product/detail.html?product_no=4807&cate_no=30&display_group=1
198,https://whoisnerdy.com/web/product/big/202203/82a5d7912514e71c30dc37fa909c93e3.png,우먼스 엔와이 스웻팬츠,67 500원,하의,바지,/product/detail.html?product_no=4830&cate_no=30&display_group=1
199,https://whoisnerdy.com/web/product/big/202201/e0f8d07ab1d12522cdb49d8d3332c602.png,로고 테잎 조거 팬츠,85 000원,하의,조거 팬츠,/product/detail.html?product_no=4844&cate_no=30&display_group=1
200,https://whoisnerdy.com/web/product/big/202201/a0bafaa5ead46068c0678a046b0cd13a.png,우먼스 엔와이 트랙 팬츠,67 500원,하의,트레이닝 바지,/product/detail.html?product_no=4800&cate_no=30&display_group=1
201,https://whoisnerdy.com/web/product/big/202201/13184908619704850c150fd048282cfd.png,엔와이 조거 팬츠 라이트퍼플/크림,67 500원,하의,조거 팬츠,/product/detail.html?product_no=4799&cate_no=30&display_group=1
202,https://whoisnerdy.com/web/product/big/202112/31766afca78224fcb3b939eb96000adc.png,엔와이 벨벳 롱 스커트 블랙,63 200원,하의,스커트,/product/detail.html?product_no=4845&cate_no=30&display_group=1
203,https://whoisnerdy.com/web/product/big/202112/77e7d41201f18104ca15d80a0c9d395a.png,엔와이 벨벳 조거 팬츠 네이비,71 200원,하의,조거 팬츠,/product/detail.html?product_no=4802&cate_no=30&display_group=1
204,https://whoisnerdy.com/web/product/big/202112/2523248f36d1fba5d17b8c8691d568b3.png,엔와이 벨벳 조거 팬츠 민트,89 000원,하의,조거 팬츠,/product/detail.html?product_no=4801&cate_no=30&display_group=1
205,https://whoisnerdy.com/web/product/big/202112/04f2664f1b1ca1297e6bb341328e3d61.png,엔와이 벨벳 조거 팬츠 블랙,71 200원,하의,조거 팬츠,/product/detail.html?product_no=4843&cate_no=30&display_group=1
206,https://whoisnerdy.com/web/product/big/202112/870b624030d27745b5db9a29057bffcc.png,DNA 블락 벨벳 트랙 팬츠 버건디,76 000원,하의,트레이닝 바지,/product/detail.html?product_no=4798&cate_no=30&display_group=1
207,https://whoisnerdy.com/web/product/big/202112/2fc5869da7ec136c9c81449768ba8491.png,DNA 블락 벨벳 트랙 팬츠 크림,76 000원,하의,트레이닝 바지,/product/detail.html?product_no=4797&cate_no=30&display_group=1
208,https://whoisnerdy.com/web/product/big/202112/3bef144cb719a75d47d68d09f987f0a3.png,DNA 블락 벨벳 트랙 팬츠 블랙,76 000원,하의,트레이닝 바지,/product/detail.html?product_no=4796&cate_no=30&display_group=1
209,https://whoisnerdy.com/web/product/big/202201/c37461e8b6d5225557026940977cfa7b.png,벨벳 트랙 팬츠 버건디,71 200원,하의,트레이닝 바지,/product/detail.html?product_no=4878&cate_no=30&display_group=1
210,https://whoisnerdy.com/web/product/big/202201/09a5bd17253208f2564d03d98febebe7.png,벨벳 트랙 팬츠 차콜,71 200원,하의,트레이닝 바지,/product/detail.html?product_no=4852&cate_no=30&display_group=1
211,https://whoisnerdy.com/web/product/big/202201/29ccf5e39d8963ebac8ec771622bf5e1.png,벨벳 트랙 팬츠 네이비,71 200원,하의,트레이닝 바지,/product/detail.html?product_no=4851&cate_no=30&display_group=1
212,https://whoisnerdy.com/web/product/big/202201/51bbf84e3fd71a72284f30be8b46f30c.png,벨벳 트랙 팬츠 퍼플,71 200원,하의,트레이닝 바지,/product/detail.html?product_no=4872&cate_no=30&display_group=1
213,https://whoisnerdy.com/web/product/big/202201/0ee89a2af7a2aafbb9ec55f5b3840e3e.png,벨벳 트랙 팬츠 블랙,71 200원,하의,트레이닝 바지,/product/detail.html?product_no=4871&cate_no=30&display_group=1
214,https://whoisnerdy.com/web/product/big/202112/5ee04f05f84bc5117cc3f1a68eb15d6b.png,에센셜 브러시드 스웻팬츠 라이트퍼플,52 500원,하의,바지,/product/detail.html?product_no=4870&cate_no=30&display_group=1
215,https://whoisnerdy.com/web/product/big/202112/6aff37c8b35318f46a4bff343edff229.png,에센셜 브러시드 스웻팬츠 그레이,52 500원,하의,바지,/product/detail.html?product_no=4875&cate_no=30&display_group=1
216,https://whoisnerdy.com/web/product/big/202112/e75aebc9b864fc827feadb26d86a9895.png,에센셜 브러시드 스웻팬츠 민트,52 500원,하의,바지,/product/detail.html?product_no=4790&cate_no=30&display_group=1
217,https://whoisnerdy.com/web/product/big/202112/77bcfaa0f526efaf59b2d1f1b2277f3e.png,에센셜 브러시드 스웻팬츠 블랙,52 500원,하의,바지,/product/detail.html?product_no=4848&cate_no=30&display_group=1
218,https://whoisnerdy.com/web/product/big/202112/2c69928a64202ba932acc6e24fb7759b.png,플리스 조거 팬츠 퍼플,59 500원,하의,조거 팬츠,/product/detail.html?product_no=4847&cate_no=30&display_group=1
219,https://whoisnerdy.com/web/product/big/202112/e8281d2cf5e5372ea5b93af04521601e.png,플리스 조거 팬츠 민트,59 500원,하의,조거 팬츠,/product/detail.html?product_no=4831&cate_no=30&display_group=1
220,https://whoisnerdy.com/web/product/big/202112/a90151946e2578c8ade53518c6e16998.png,플리스 조거 팬츠 크림,59 500원,하의,조거 팬츠,/product/detail.html?product_no=4789&cate_no=30&display_group=1
221,https://whoisnerdy.com/web/product/big/202112/4e4146eb385bc71b13c222ee5b5d88dd.png,엔와이 플리스 트랙 팬츠 라이트퍼플,68 000원,하의,트레이닝 바지,/product/detail.html?product_no=4637&cate_no=30&display_group=1
222,https://whoisnerdy.com/web/product/big/202112/3da312bdc4db71200e5a549d741ef69e.png,엔와이 플리스 트랙 팬츠 블랙,68 000원,하의,트레이닝 바지,/product/detail.html?product_no=4734&cate_no=30&display_group=1
223,https://whoisnerdy.com/web/product/big/202201/6d4b0a83801b6f435410c949ee300def.png,널디 X 아트모스 DNA 수채화 벨벳 트랙 팬츠 민트,129 000원,하의,트레이닝 바지,/product/detail.html?product_no=4733&cate_no=30&display_group=1
224,https://whoisnerdy.com/web/product/big/202201/512941d4427e7ebde6bf5c6214c96c9e.png,널디 X 아트모스 DNA 수채화 벨벳 트랙 팬츠 퍼플,129 000원,하의,트레이닝 바지,/product/detail.html?product_no=4784&cate_no=30&display_group=1
225,https://whoisnerdy.com/web/product/big/202112/adc94963bde00f639214efe08276266c.png,DNA 모노그램 블락 조거 팬츠 블랙,85 000원,하의,조거 팬츠,/product/detail.html?product_no=4739&cate_no=30&display_group=1
226,https://whoisnerdy.com/web/product/big/202112/1c1eec601d960bab00cb104f96241669.png,DNA 모노그램 블락 조거 팬츠 스카이블루,85 000원,하의,조거 팬츠,/product/detail.html?product_no=4748&cate_no=30&display_group=1
227,https://whoisnerdy.com/web/product/big/202112/c4d6a0dd42eb3a7c25c9c23bf1fee95a.png,DNA 모노그램 블락 조거 팬츠 크림,85 000원,하의,조거 팬츠,/product/detail.html?product_no=4730&cate_no=30&display_group=1
228,https://whoisnerdy.com/web/product/big/202112/52d5b096be2b8fde3365a6bff9fd6a6e.png,에센셜 조거팬츠 라이트퍼플,69 000원,하의,바지,/product/detail.html?product_no=4721&cate_no=30&display_group=1
229,https://whoisnerdy.com/web/product/big/202203/88e22848f6b0f822832d0080ad35bf53.png,에센셜 조거팬츠 크림,69 000원,하의,바지,/product/detail.html?product_no=4710&cate_no=30&display_group=1
230,https://whoisnerdy.com/web/product/big/202201/73cec3516ddeab293bf003376472851d.png,자가드 로고 테잎 트랙 팬츠 스카이블루,55 300원,하의,트레이닝 바지,/product/detail.html?product_no=4651&cate_no=30&display_group=1
231,https://whoisnerdy.com/web/product/big/202201/30641f95ef99fbe32ebdccc5a6179fe0.png,자가드 로고 테잎 트랙 팬츠 핑크,55 300원,하의,트레이닝 바지,/product/detail.html?product_no=4653&cate_no=30&display_group=1
232,https://whoisnerdy.com/web/product/big/202201/e3978fc905b52b450257dab66f7a34bd.png,자가드 로고 테잎 트랙 팬츠 블랙,55 300원,하의,트레이닝 바지,/product/detail.html?product_no=4692&cate_no=30&display_group=1
233,https://whoisnerdy.com/web/product/big/202201/2edaa684d9162efa3c0bbeb500af710f.png,자가드 로고 테잎 스웻팬츠 핑크,55 300원,하의,바지,/product/detail.html?product_no=4706&cate_no=30&display_group=1
234,https://whoisnerdy.com/web/product/big/202201/c65323fda6fedab6309de8dc7a987fcc.png,자가드 로고 테잎 스웻팬츠 크림,55 300원,하의,바지,/product/detail.html?product_no=4705&cate_no=30&display_group=1
235,https://whoisnerdy.com/web/product/big/202112/c42593cfd7d4d870725aa42363b021bc.png,엔와이 미들 로고 레깅스 블랙/라이트퍼플,49 000원,하의,레깅스,/product/detail.html?product_no=4701&cate_no=30&display_group=1
236,https://whoisnerdy.com/web/product/big/202112/2ed3900b2ec14d1c7cc2641d22cc7b7a.png,엔와이 트랙 팬츠 라이트퍼플,79 000원,하의,트레이닝 바지,/product/detail.html?product_no=4745&cate_no=30&display_group=1
237,https://whoisnerdy.com/web/product/big/202112/0ebc91016491011dfc7294c5e7d7d2c8.png,엔와이 트랙 팬츠 민트,79 000원,하의,트레이닝 바지,/product/detail.html?product_no=4662&cate_no=30&display_group=1
238,https://whoisnerdy.com/web/product/big/202112/3cffd2fa11c00b6867f7bdc19d017b5c.png,엔와이 트랙 팬츠 핑크,79 000원,하의,트레이닝 바지,/product/detail.html?product_no=4746&cate_no=30&display_group=1
239,https://whoisnerdy.com/web/product/big/202112/ac011a0666f5373fec38f4913aeec214.png,엔와이 트랙 팬츠 크림,79 000원,하의,트레이닝 바지,/product/detail.html?product_no=4660&cate_no=30&display_group=1
240,https://whoisnerdy.com/web/product/big/202201/6afc1afd12909a78ca6165234bfad455.png,엔와이 트랙 팬츠 블랙,79 000원,하의,트레이닝 바지,/product/detail.html?product_no=4741&cate_no=30&display_group=1
241,https://whoisnerdy.com/web/product/big/202112/14fef08402ea26c1fc5fb36812a27ae0.png,우먼스 엔와이 조거 팬츠 민트,60 000원,하의,조거 팬츠,/product/detail.html?product_no=4631&cate_no=30&display_group=1
242,https://whoisnerdy.com/web/product/big/202112/64b3d6095583107acd50aedcab874b7a.png,우먼스 엔와이 조거 팬츠 핑크,60 000원,하의,조거 팬츠,/product/detail.html?product_no=4740&cate_no=30&display_group=1
243,https://whoisnerdy.com/web/product/big/202112/9e62423040bffa34ddd2f4de200f255d.png,우먼스 엔와이 조거 팬츠 크림,60 000원,하의,조거 팬츠,/product/detail.html?product_no=4659&cate_no=30&display_group=1
244,https://whoisnerdy.com/web/product/big/202112/7f71ba847faf4a937effe16996ad2702.png,우먼스 엔와이 조거 팬츠 블랙,60 000원,하의,조거 팬츠,/product/detail.html?product_no=4695&cate_no=30&display_group=1
245,https://whoisnerdy.com/web/product/big/202112/93182f9ced39947c58da767bb09a763c.png,엔와이 우븐팬츠 라이트그레이,89 000원,하의,바지,/product/detail.html?product_no=4629&cate_no=30&display_group=1
246,https://whoisnerdy.com/web/product/big/202112/a98476dce850530aaf842d3a9602c8f8.png,엔와이 우븐팬츠 민트,89 000원,하의,바지,/product/detail.html?product_no=4635&cate_no=30&display_group=1
247,https://whoisnerdy.com/web/product/big/202112/c9d3924ec7c0e994fb7a9a383ee1661b.png,엔와이 우븐팬츠 블랙,89 000원,하의,바지,/product/detail.html?product_no=4634&cate_no=30&display_group=1
248,https://whoisnerdy.com/web/product/big/202201/3282c7987e4645d1fd3bcd17ff075963.png,엔와이 우븐 하프 팬츠 라이트옐로우,69 000원,하의,반바지,/product/detail.html?product_no=4632&cate_no=30&display_group=1
249,https://whoisnerdy.com/web/product/big/202104/992b90c9284dbea2500e8fd8b3487d7e.jpg,[재입고] 엔와이 하프 팬츠 블랙 (4부/면 100%),59 000원,하의,반바지,/product/detail.html?product_no=4318&cate_no=30&display_group=1
250,https://whoisnerdy.com/web/product/big/202104/834ca959af03100eb9d271cf55def89f.jpg,[재입고] 엔와이 하프 팬츠 크림 (4부/면 100%),59 000원,하의,반바지,/product/detail.html?product_no=4316&cate_no=30&display_group=1
251,https://whoisnerdy.com/web/product/big/202104/1f68a2cf6b5475ee2780eab98f0b6ec7.jpg,[재입고] 엔와이 하프 팬츠 크림 (3부/면 100%),59 000원,하의,반바지,/product/detail.html?product_no=4290&cate_no=30&display_group=1
252,https://whoisnerdy.com/web/product/big/202201/0d47b58926921d2719ad55f53047f4f7.png,엔와이 트랙 하프 팬츠 스카이블루,59 000원,하의,반바지,/product/detail.html?product_no=4289&cate_no=30&display_group=1
253,https://whoisnerdy.com/web/product/big/202201/514075d829714750f3fdccf3f42c9176.png,엔와이 트랙 하프 팬츠 라이트퍼플,59 000원,하의,반바지,/product/detail.html?product_no=4288&cate_no=30&display_group=1
254,https://whoisnerdy.com/web/product/big/202201/18a9b9db54f7e123374de7a56233fd11.png,엔와이 트랙 하프 팬츠 크림,59 000원,하의,반바지,/product/detail.html?product_no=4287&cate_no=30&display_group=1
255,https://whoisnerdy.com/web/product/big/202201/0a856d6ba3f88a4584e424d02b13532a.png,엔와이 트랙 하프 팬츠 블랙/라이트 퍼플,59 000원,하의,반바지,/product/detail.html?product_no=4274&cate_no=30&display_group=1
256,https://whoisnerdy.com/web/product/big/202201/431bfe159e9b92c3c842e7bf72116b73.png,엔와이 솔리드 우븐 하프 팬츠 라이트퍼플,52 500원,하의,반바지,/product/detail.html?product_no=4273&cate_no=30&display_group=1
257,https://whoisnerdy.com/web/product/big/202201/f05717257a4ef41b86cf37ae76064992.png,엔와이 솔리드 우븐 하프 팬츠 베이지,52 500원,하의,반바지,/product/detail.html?product_no=4258&cate_no=30&display_group=1
258,https://whoisnerdy.com/web/product/big/202201/ae03c3368a250242f50921c3de2b9a3b.png,엔와이 솔리드 우븐 하프 팬츠 블랙,52 500원,하의,반바지,/product/detail.html?product_no=4257&cate_no=30&display_group=1
259,https://whoisnerdy.com/web/product/big/202201/bc9baf2dd61ab10ce9897c612ab0eaa6.png,엔와이 조거 팬츠 크림/퍼플,67 500원,하의,조거 팬츠,/product/detail.html?product_no=4256&cate_no=30&display_group=1
260,https://whoisnerdy.com/web/product/big/202201/d918308f6eda67191520204e332c1ea4.png,엔와이 조거 팬츠 라이트퍼플/화이트,75 000원,하의,조거 팬츠,/product/detail.html?product_no=4026&cate_no=30&display_group=1
261,https://whoisnerdy.com/web/product/big/202201/8d4769ae12556ead46467954831318a4.png,엔와이 조거 팬츠 블랙/라이트퍼플,67 500원,하의,조거 팬츠,/product/detail.html?product_no=4025&cate_no=30&display_group=1
262,https://whoisnerdy.com/web/product/big/202201/e7526a46a7b43973db310d7210c9fdef.png,엔와이 조거 팬츠 블랙/화이트,67 500원,하의,조거 팬츠,/product/detail.html?product_no=3668&cate_no=30&display_group=1
263,https://whoisnerdy.com/web/product/big/202201/ef35d7c55083e2b6f140b97a5349708a.png,엔와이 트랙 팬츠 라이트퍼플,79 000원,하의,트레이닝 바지,/product/detail.html?product_no=3766&cate_no=30&display_group=1
264,https://whoisnerdy.com/web/product/big/202201/8e698be0bfdd6bb461c386c89b1fdd17.png,엔와이 트랙 팬츠 크림,79 000원,하의,트레이닝 바지,/product/detail.html?product_no=3765&cate_no=30&display_group=1
265,https://whoisnerdy.com/web/product/big/202201/e0c3beaaff32493af554e2276934b65c.png,엔와이 트랙 팬츠 블랙,79 000원,하의,트레이닝 바지,/product/detail.html?product_no=3764&cate_no=30&display_group=1
266,https://whoisnerdy.com/web/product/big/202102/5481cfefa90d29c835c714d47d9a6a4b.jpg,페이즐리 트랙 팬츠 버건디,80 100원,하의,트레이닝 바지,/product/detail.html?product_no=3763&cate_no=30&display_group=1
267,https://whoisnerdy.com/web/product/big/202102/86ae34f8a51886ed669b8a54a20f95e1.jpg,페이즐리 트랙 팬츠 퍼플,49 000원,하의,트레이닝 바지,/product/detail.html?product_no=3762&cate_no=30&display_group=1
268,https://whoisnerdy.com/web/product/big/202201/8151a4c3488c566784aacfb158649738.png,엔와이 솔리드 우븐 팬츠 라이트퍼플,80 100원,하의,바지,/product/detail.html?product_no=3761&cate_no=30&display_group=1
269,https://whoisnerdy.com/web/product/big/202201/d05882ff92fc16e66b3243c05c6a4090.png,엔와이 솔리드 우븐 팬츠 베이지,80 100원,하의,바지,/product/detail.html?product_no=3760&cate_no=30&display_group=1
270,https://whoisnerdy.com/web/product/big/202201/c86e06798395f2ac340da96d31cca2d6.png,엔와이 솔리드 우븐 팬츠 블랙,80 100원,하의,바지,/product/detail.html?product_no=3759&cate_no=30&display_group=1
271,https://whoisnerdy.com/web/product/big/202201/0e53dad89915336e044e19207a2d04c8.png,엔와이 트랙 롱 스커트 퍼플,41 300원,하의,스커트,/product/detail.html?product_no=3758&cate_no=30&display_group=1
272,https://whoisnerdy.com/web/product/big/202201/19915207f2bbce2265167e13dc876d35.png,엔와이 트랙 롱 스커트 블랙,41 300원,하의,스커트,/product/detail.html?product_no=3565&cate_no=30&display_group=1
273,https://whoisnerdy.com/web/product/big/202201/e5d7255b1d79681196639baaf9f6be2d.png,엔와이 트랙 팬츠 스카이블루,79 000원,하의,트레이닝 바지,/product/detail.html?product_no=3564&cate_no=30&display_group=1
274,https://whoisnerdy.com/web/product/big/202201/bd927a9fa544d52ef3116424be9a5ac3.png,RGB 로고 테잎 스웻팬츠 크림,79 000원,하의,바지,/product/detail.html?product_no=3553&cate_no=30&display_group=1
275,https://whoisnerdy.com/web/product/big/202201/946fc2b92a6cd3838a3f6817a64c0317.png,RGB 로고 테잎 스웻팬츠 퍼플,79 000원,하의,바지,/product/detail.html?product_no=3552&cate_no=30&display_group=1
276,https://whoisnerdy.com/web/product/big/202201/65a2e18d91e1af1247454f0ce97e538a.png,RGB 로고 테잎 스웻팬츠 블랙,79 000원,하의,바지,/product/detail.html?product_no=2900&cate_no=30&display_group=1
277,https://whoisnerdy.com/web/product/big/202201/d6876c7caeb095c35999c582c0452e26.png,RGB 로고 테잎 트랙 팬츠 크림,79 000원,하의,트레이닝 바지,/product/detail.html?product_no=2899&cate_no=30&display_group=1
278,https://whoisnerdy.com/web/product/big/202201/b84aece7ecda0b01d651b8816a997661.png,RGB 로고 테잎 트랙 팬츠 퍼플,79 000원,하의,트레이닝 바지,/product/detail.html?product_no=3546&cate_no=30&display_group=1
279,https://whoisnerdy.com/web/product/big/202201/914158360169f31605e87af19e7ca48c.png,RGB 로고 테잎 트랙 팬츠 블랙,79 000원,하의,트레이닝 바지,/product/detail.html?product_no=3611&cate_no=30&display_group=1
280,https://whoisnerdy.com/web/product/big/202201/9991804726b67a195647e5477ec38826.png,에센셜 조거 팬츠 라이트그린,62 100원,하의,조거 팬츠,/product/detail.html?product_no=3609&cate_no=30&display_group=1
281,https://whoisnerdy.com/web/product/big/202201/6374a0e580aab22629c0a9beee506ac0.png,에센셜 조거 팬츠 스카이블루,62 100원,하의,조거 팬츠,/product/detail.html?product_no=3541&cate_no=30&display_group=1
282,https://whoisnerdy.com/web/product/big/202201/d25abff03d4e7888ba8de7db6bfd87aa.png,에센셜 조거 팬츠 크림,62 100원,하의,조거 팬츠,/product/detail.html?product_no=3538&cate_no=30&display_group=1
283,https://whoisnerdy.com/web/product/big/202201/b2e8b2a1214bd36d4d5db39b2006b2fe.png,사이드 라인 레깅스 블랙/화이트,45 000원,하의,레깅스,/product/detail.html?product_no=3535&cate_no=30&display_group=1
284,https://whoisnerdy.com/web/product/big/202201/d28b02f37b1783f2426acdd42ef5f4e0.png,[재입고] 로고 테잎 트랙 팬츠 블랙,83 000원,하의,트레이닝 바지,/product/detail.html?product_no=3542&cate_no=30&display_group=1
285,https://whoisnerdy.com/web/product/big/202201/4fc4400a33894e5e84727e9af2145104.png,[재입고] 로고 테잎 트랙 팬츠 퍼플,83 000원,하의,트레이닝 바지,/product/detail.html?product_no=3539&cate_no=30&display_group=1
286,https://whoisnerdy.com/web/product/big/202201/fec2381a5021b91cf349ba8adf9c4e17.png,리버스드 패브릭 스웻팬츠 퍼플,69 300원,하의,바지,/product/detail.html?product_no=3665&cate_no=30&display_group=1
287,https://whoisnerdy.com/web/product/big/202009/cb451749ecb44decf52380e1465c7a33.jpg,프리즘 팬츠 네이비,45 000원,하의,바지,/product/detail.html?product_no=3664&cate_no=30&display_group=1
288,https://whoisnerdy.com/web/product/big/202009/1dcd97bd27869007f5532222ca66b589.jpg,프리즘 팬츠 블랙,45 000원,하의,바지,/product/detail.html?product_no=3663&cate_no=30&display_group=1
289,https://whoisnerdy.com/web/product/big/202201/ca6b5c7723d59d1f57a67e6c2d58fa73.png,벨벳 트랙 팬츠 화이트,85 000원,하의,트레이닝 바지,/product/detail.html?product_no=3659&cate_no=30&display_group=1
290,https://whoisnerdy.com/web/product/big/202009/3c20200d52ae42e64a43493592b247dc.jpg,컬러 블락 벨로아 트랙 팬츠 라이트 퍼플,49 000원,하의,트레이닝 바지,/product/detail.html?product_no=3657&cate_no=30&display_group=1
291,https://whoisnerdy.com/web/product/big/202201/23b441c9fb0081c2d5037d82da50bb45.png,빅 엔 테잎 스웻팬츠 퍼플,55 300원,하의,바지,/product/detail.html?product_no=3656&cate_no=30&display_group=1
292,https://whoisnerdy.com/web/product/big/202201/6b94ae28a020f13db8728d67c3ef63fa.png,빅 엔 테잎 스웻팬츠 오렌지,55 300원,하의,바지,/product/detail.html?product_no=3655&cate_no=30&display_group=1
293,https://whoisnerdy.com/web/product/big/202008/b75fb9fe8d311ae30f637a5c19c0640e.jpg,빅 엔 테잎 트랙 팬츠 퍼플,39 000원,하의,트레이닝 바지,/product/detail.html?product_no=3620&cate_no=30&display_group=1
294,https://whoisnerdy.com/web/product/big/202011/f7705ef9fad61c82f6c68f438ac1d1ef.jpg,로고 테잎 레깅스 블랙,34 300원,하의,레깅스,/product/detail.html?product_no=3619&cate_no=30&display_group=1
295,https://whoisnerdy.com/web/product/big/202201/6b7126e337b54f2a40c40b4be1a2672c.png,로고 테잎 트랙 팬츠 크림,83 000원,하의,트레이닝 바지,/product/detail.html?product_no=3618&cate_no=30&display_group=1
296,https://whoisnerdy.com/web/product/big/201910/42ccd99242a044121355d88b05ec6ba8.png,NY 기모 스웻팬츠 네이비,39 000원,하의,바지,/product/detail.html?product_no=3617&cate_no=30&display_group=1
297,https://whoisnerdy.com/web/product/big/201910/a24b9f9cbc9994d6ecdb1db96a9f402b.png,사이드 블락 트랙 팬츠 레드,29 000원,하의,트레이닝 바지,/product/detail.html?product_no=3616&cate_no=30&display_group=1
298,https://whoisnerdy.com/web/product/big/201909/d28b981a0595b7137ab58fd346054c0a.png,코듀로이 팬츠 카키,39 000원,하의,바지,/product/detail.html?product_no=2898&cate_no=30&display_group=1
299,https://whoisnerdy.com/web/product/big/201909/61c7634996eb73e5bb61b1a7b0102cbf.png,코듀로이 팬츠 네이비,39 000원,하의,바지,/product/detail.html?product_no=3898&cate_no=30&display_group=1
300,https://whoisnerdy.com/web/product/big/201909/0a3a5cd6faa0fc2cd410f4684bbcf6ca.png,플리스 팬츠 옐로우,25 000원,하의,바지,/product/detail.html?product_no=3859&cate_no=30&display_group=1
301,https://whoisnerdy.com/web/product/big/201908/e1b5d589b2ad45c58a15f2b072905957.png,키즈 NY 트랙 팬츠 블랙,26 000원,하의,트레이닝 바지,/product/detail.html?product_no=3857&cate_no=30&display_group=1
302,https://whoisnerdy.com/web/product/big/202012/fc09abce7a9c755e2f7d658c756f0c41.jpg,벨로아 트랙 팬츠 핑크,35 000원,하의,트레이닝 바지,/product/detail.html?product_no=3856&cate_no=30&display_group=1
303,https://whoisnerdy.com/web/product/big/201908/7fbb49e8a897094027603f243acd6584.png,NY 트랙 팬츠 화이트,29 000원,하의,트레이닝 바지,/product/detail.html?product_no=3855&cate_no=30&display_group=1
304,https://whoisnerdy.com/web/product/big/201906/50bda8376a09c0e446e485e6f44792e4.png,글리터 프린트 스웻팬츠 옐로우,37 500원,하의,바지,/product/detail.html?product_no=3854&cate_no=30&display_group=1
305,https://whoisnerdy.com/web/product/big/201906/76a58a7524081686049809e6f884c1fa.png,우먼즈 NY 트랙 쇼츠 블랙,37 100원,하의,트레이닝 바지,/product/detail.html?product_no=3853&cate_no=30&display_group=1
306,https://whoisnerdy.com/web/product/big/201906/be6cb47087417ea13a226e9cf3480fad.png,[LAST ONE] 오리엔탈 트랙 팬츠 블랙,19 000원,하의,트레이닝 바지,/product/detail.html?product_no=3852&cate_no=30&display_group=1
307,https://whoisnerdy.com/web/product/big/20200401/9a40bd959693ac42902974bf361a4bab.png,로고 엠브로이더리 하프 팬츠 카키,41 400원,하의,반바지,/product/detail.html?product_no=3815&cate_no=30&display_group=1
308,https://whoisnerdy.com/web/product/big/20200401/d9914dba10d60b001601525d86820b11.png,로고 엠브로이더리 하프 팬츠 네이비,41 400원,하의,반바지,/product/detail.html?product_no=3814&cate_no=30&display_group=1
309,https://whoisnerdy.com/web/product/big/20200401/9724403e9ecfa36f38b2f8478e3e17ef.png,우먼즈 로고 엠브로이더리 쇼츠 카키,37 800원,하의,바지,/product/detail.html?product_no=3813&cate_no=30&display_group=1
310,https://whoisnerdy.com/web/product/big/20200401/71602529be010a8cec5baddf1273d66c.png,우먼즈 로고 엠브로이더리 쇼츠 코랄,37 800원,하의,바지,/product/detail.html?product_no=3812&cate_no=30&display_group=1
311,https://whoisnerdy.com/web/product/big/20200304/55e0a218c6f9fab66c25b4bad3cbc443.png,우먼즈 사이클링 쇼츠 퍼플,23 400원,하의,바지,/product/detail.html?product_no=3798&cate_no=30&display_group=1
312,https://whoisnerdy.com/web/product/big/201909/11837c74d2bc81316e7139055dd3d6a0.png,NY 트랙 스커트 퍼플,29 500원,하의,스커트,/product/detail.html?product_no=3797&cate_no=30&display_group=1
313,https://whoisnerdy.com/web/product/big/201909/6b8e8c0deb142b6d0c36b3aabb973929.png,NY 트랙 스커트 블랙,29 500원,하의,스커트,/product/detail.html?product_no=3796&cate_no=30&display_group=1
314,https://whoisnerdy.com/web/product/big/201906/77c3af7689d34b916867c665cf82e584.png,로고 하프 팬츠 레드,24 500원,하의,반바지,/product/detail.html?product_no=3795&cate_no=30&display_group=1
315,https://whoisnerdy.com/web/product/big/201906/1d7e0b51a17027794f501fad6cf5219f.png,우먼즈 NY 트랙 쇼츠 옐로우,25 000원,하의,트레이닝 바지,/product/detail.html?product_no=3705&cate_no=30&display_group=1
316,https://whoisnerdy.com/web/product/big/201906/daf7fb381107fbe0c4952eb5ac8835c5.png,NY 트랙 하프 팬츠 옐로우,29 500원,하의,반바지,/product/detail.html?product_no=3704&cate_no=30&display_group=1
317,https://whoisnerdy.com/web/product/big/201906/055394c60326ff17b5be8ce24c17fc27.png,우먼즈 NY 트랙 쇼츠 레드,25 000원,하의,트레이닝 바지,/product/detail.html?product_no=3703&cate_no=30&display_group=1
318,https://whoisnerdy.com/web/product/big/202010/5aa57ad2785c5167b9b01159c25452da.jpg,서울 트랙 팬츠 크림,58 100원,하의,트레이닝 바지,/product/detail.html?product_no=3676&cate_no=30&display_group=1
319,https://whoisnerdy.com/web/product/big/202202/fb379844e3143e93231bc885b6e73141.png,타이다잉 하프팬츠,75 000원,하의,바지,/product/detail.html?product_no=3675&cate_no=30&display_group=1
320,https://whoisnerdy.com/web/product/big/202201/78927705b23a404e441a99ab331a1528.png,엔와이 벨벳 롱 스커트 민트,63 200원,하의,스커트,/product/detail.html?product_no=3674&cate_no=30&display_group=1
321,https://whoisnerdy.com/web/product/big/202112/5bb33b6ccc8626e46d6fd5913f1140ff.png,에센셜 조거팬츠 그레이,69 000원,하의,바지,/product/detail.html?product_no=3673&cate_no=30&display_group=1
322,https://whoisnerdy.com/web/product/big/202201/85e87f9a6dd117078eebec87f82f111b.png,에센셜 조거팬츠 블랙,69 000원,하의,바지,/product/detail.html?product_no=3672&cate_no=30&display_group=1
323,https://whoisnerdy.com/web/product/big/202201/ad939b72a09d7aa9e9841ce6ce242307.png,자가드 로고 테잎 스웻팬츠 블랙,55 300원,하의,바지,/product/detail.html?product_no=3671&cate_no=30&display_group=1
324,https://whoisnerdy.com/web/product/big/202112/ae56b5d7b3bee43ce5bbfa9dd9695a26.png,엔와이 미들 로고 레깅스 블랙/민트,49 000원,하의,레깅스,/product/detail.html?product_no=3670&cate_no=30&display_group=1
325,https://whoisnerdy.com/web/product/big/202104/54885cd0843e43b2e71a31b902bd2a86.jpg,[재입고] 엔와이 하프 팬츠 블랙(3부/면 100%),59 000원,하의,반바지,/product/detail.html?product_no=4317&cate_no=30&display_group=1
326,https://whoisnerdy.com/web/product/big/202102/502034e0583f0bf15be90e1c9d8fbb17.jpg,페이즐리 트랙 팬츠 블랙,80 100원,하의,트레이닝 바지,/product/detail.html?product_no=4324&cate_no=30&display_group=1
327,https://whoisnerdy.com/web/product/big/202201/c96e5c021f05b69037a3bd7fe3743040.png,에센셜 조거 팬츠 블랙,62 100원,하의,조거 팬츠,/product/detail.html?product_no=4323&cate_no=30&display_group=1
328,https://whoisnerdy.com/web/product/big/202201/16128581baba9729066b71fba98134db.png,사이드 라인 레깅스 블랙/라이트퍼플,45 000원,하의,레깅스,/product/detail.html?product_no=4322&cate_no=30&display_group=1
329,https://whoisnerdy.com/web/product/big/202011/373c023379ef0fac88b720e190344ea6.jpg,레오파드 트랙 팬츠 오렌지,49 000원,하의,트레이닝 바지,/product/detail.html?product_no=3984&cate_no=30&display_group=1
330,https://whoisnerdy.com/web/product/big/202011/13743fac46f20d9690055cc7ef5f0158.jpg,레오파드 트랙 팬츠 베이지,49 000원,하의,트레이닝 바지,/product/detail.html?product_no=3983&cate_no=30&display_group=1
331,https://whoisnerdy.com/web/product/big/202011/e6c9ba94c996d9b493d21c9dc8e804bb.jpg,레오파드 트랙 팬츠 널디 퍼플,49 000원,하의,트레이닝 바지,/product/detail.html?product_no=3982&cate_no=30&display_group=1
332,https://whoisnerdy.com/web/product/big/202009/24934259f45efb8921d56858c0bfba2a.png,브러시드 레깅스,29 000원,하의,레깅스,/product/detail.html?product_no=4276&cate_no=30&display_group=1
333,https://whoisnerdy.com/web/product/big/202009/562606bb3caa4d67e1b9ddfcb0f02067.jpg,컬러 블락 벨로아 트랙 팬츠 블랙,49 000원,하의,트레이닝 바지,/product/detail.html?product_no=4275&cate_no=30&display_group=1
334,https://whoisnerdy.com/web/product/big/202008/04ede01b9844527959997c0c054d64dc.jpg,빅 엔 테잎 트랙 팬츠 블랙,58 100원,하의,트레이닝 바지,null
335,https://whoisnerdy.com/web/product/big/202112/3c146d2878d8c578488d9b137d21fd72.png,플러피 플리스 후디드 자켓 크림,66 500원,아우터,자켓,/product/detail.html?product_no=3668&cate_no=30&display_group=2
336,https://whoisnerdy.com/web/product/big/202112/8a6bcd583f8d4eb47e41b80c8f72bc0a.png,엔와이 가디건 크림,97 300원,아우터,아우터,/product/detail.html?product_no=3759&cate_no=30&display_group=2
337,https://whoisnerdy.com/web/product/big/202112/4dbfb38ff2f4d3a73df2aef476fda424.png,플리스 스탠드넥 자켓 라이트퍼플,125 100원,아우터,자켓,/product/detail.html?product_no=3765&cate_no=30&display_group=2
338,https://whoisnerdy.com/web/product/big/202112/6577ea058e5b24a920e0b1af1a10ed37.png,엔와이 윈드브레이커 민트,129 000원,아우터,바람막이,/product/detail.html?product_no=3620&cate_no=30&display_group=2
339,https://whoisnerdy.com/web/product/big/202112/b8afde33416686fa2d8bfe3594b00f5a.png,DNA 모노그램 가디건 블랙,97 300원,아우터,아우터,/product/detail.html?product_no=3537&cate_no=30&display_group=2
340,https://whoisnerdy.com/web/product/big/202112/3c28fd67c280edd7c47e657f0200cd1c.png,리버시블 플리스 다운 자켓 블랙,169 000원,아우터,자켓,/product/detail.html?product_no=3658&cate_no=30&display_group=2
341,https://whoisnerdy.com/web/product/big/202112/a1adb035e9107317b136a07057aef127.png,엔와이 다운 자켓 크림,179 000원,아우터,자켓,/product/detail.html?product_no=3540&cate_no=30&display_group=2
342,https://whoisnerdy.com/web/product/big/202112/1a3fd9564f26c45965d2093572849e21.png,플러피 플리스 후디드 자켓 블랙,66 500원,아우터,자켓,/product/detail.html?product_no=4864&cate_no=30&display_group=1
343,https://whoisnerdy.com/web/product/big/202203/580dfcb63ffd8c672498651a181bcdc9.png,그라데이션 데님 자켓,161 100원,아우터,자켓,/product/detail.html?product_no=4805&cate_no=30&display_group=1
344,https://whoisnerdy.com/web/product/big/202203/9130905cfdab0ff77a02231651706ccf.png,글로시 윈드브레이커,129 000원,아우터,바람막이,/product/detail.html?product_no=4804&cate_no=30&display_group=1
345,https://whoisnerdy.com/web/product/big/202203/97929c8c228f8c98943461b8e05b3ef1.png,엔와이 윈드브레이커 하프팬츠 세트,183 600원,아우터,바람막이,/product/detail.html?product_no=4803&cate_no=30&display_group=1
346,https://whoisnerdy.com/web/product/big/202203/7da2eb7d52b8bfed72f6818af6cba073.png,엔와이 윈드브레이커 3종 세트,249 050원,아우터,바람막이,/product/detail.html?product_no=4858&cate_no=30&display_group=1
347,https://whoisnerdy.com/web/product/big/202202/2da2653f01a6539aca8a76dcd6ddb302.jpg,엔와이 아노락 쇼츠 세트,174 600원,아우터,아우터,/product/detail.html?product_no=4820&cate_no=30&display_group=1
348,https://whoisnerdy.com/web/product/big/202203/c37762698363c06cd61dff699201dd3e.png,엔와이 아노락 롱 스커트 세트,187 200원,아우터,아우터,/product/detail.html?product_no=4819&cate_no=30&display_group=1
349,https://whoisnerdy.com/web/product/big/202202/b611d33fda3043c9955b0ce3cb4a9475.png,컬러 블락 윈드브레이커 세트,214 200원,아우터,바람막이,/product/detail.html?product_no=4859&cate_no=30&display_group=1
350,https://whoisnerdy.com/web/product/big/202202/6a87a29098fdeccc1bbf7fa4594a2a5a.png,컬러 블락 윈드브레이커,139 000원,아우터,바람막이,/product/detail.html?product_no=4818&cate_no=30&display_group=1
351,https://whoisnerdy.com/web/product/big/202202/f8cce676d6f4d0e15f8c44eb0252aafe.png,엔와이 아노락 세트,196 200원,아우터,아우터,/product/detail.html?product_no=4817&cate_no=30&display_group=1
352,https://whoisnerdy.com/web/product/big/202202/e4ce2449f8e9868c9e3f6d6d71610b81.jpg,엔와이 윈드브레이커 세트,196 200원,아우터,바람막이,/product/detail.html?product_no=4816&cate_no=30&display_group=1
353,https://whoisnerdy.com/web/product/big/202202/fa61fabbc9432004eb08eb06cc533498.png,엔와이 아노락,129 000원,아우터,아우터,/product/detail.html?product_no=4815&cate_no=30&display_group=1
354,https://whoisnerdy.com/web/product/big/202202/e4bc2a9993f0feb09c32ed37dcae1d4f.jpg,엔와이 윈드브레이커,129 000원,아우터,바람막이,/product/detail.html?product_no=4860&cate_no=30&display_group=1
355,https://whoisnerdy.com/web/product/big/202112/8a6bcd583f8d4eb47e41b80c8f72bc0a.png,엔와이 가디건 크림,97 300원,아우터,아우터,/product/detail.html?product_no=4814&cate_no=30&display_group=1
356,https://whoisnerdy.com/web/product/big/202112/fc7b58068b65af9bd61abfc7a55bd0cb.png,엔와이 가디건 블랙,97 300원,아우터,아우터,/product/detail.html?product_no=4813&cate_no=30&display_group=1
357,https://whoisnerdy.com/web/product/big/202112/d847682e71cf419eb5849af72b2677d3.png,DNA 모노그램 가디건 퍼플,97 300원,아우터,아우터,/product/detail.html?product_no=4861&cate_no=30&display_group=1
358,https://whoisnerdy.com/web/product/big/202112/b8afde33416686fa2d8bfe3594b00f5a.png,DNA 모노그램 가디건 블랙,97 300원,아우터,아우터,/product/detail.html?product_no=4812&cate_no=30&display_group=1
359,https://whoisnerdy.com/web/product/big/202201/c30b6cfbb951e0b3e21b2a1581cc25e1.png,엔와이 윈드브레이커 세트 라이트그레이,196 200원,아우터,바람막이,/product/detail.html?product_no=4811&cate_no=30&display_group=1
360,https://whoisnerdy.com/web/product/big/202201/260a92d56d39b49d577add919f7f571b.png,엔와이 윈드브레이커 세트 민트,218 000원,아우터,바람막이,/product/detail.html?product_no=4862&cate_no=30&display_group=1
361,https://whoisnerdy.com/web/product/big/202201/a612de998d247701afa82677bcbc7cd8.png,엔와이 윈드브레이커 세트 블랙,196 200원,아우터,바람막이,/product/detail.html?product_no=4810&cate_no=30&display_group=1
362,https://whoisnerdy.com/web/product/big/202112/623bc967ed24cf02a743e9c474e94d61.png,엔와이 윈드브레이커 라이트그레이,129 000원,아우터,바람막이,/product/detail.html?product_no=4808&cate_no=30&display_group=1
363,https://whoisnerdy.com/web/product/big/202112/6577ea058e5b24a920e0b1af1a10ed37.png,엔와이 윈드브레이커 민트,129 000원,아우터,바람막이,/product/detail.html?product_no=4863&cate_no=30&display_group=1
364,https://whoisnerdy.com/web/product/big/202112/4c2e3e286c8d87462b95f5d769c1f2ef.png,엔와이 윈드브레이커 블랙,129 000원,아우터,바람막이,/product/detail.html?product_no=4806&cate_no=30&display_group=1
365,https://whoisnerdy.com/web/product/big/202201/a1d6a803969844b73869db7f7341f23c.png,엔와이 솔리드 윈드브레이커 라이트퍼플,116 100원,아우터,바람막이,/product/detail.html?product_no=4807&cate_no=30&display_group=1
366,https://whoisnerdy.com/web/product/big/202201/be001a0a64d2862be4484607e531a367.png,엔와이 솔리드 윈드브레이커 베이지,116 100원,아우터,바람막이,/product/detail.html?product_no=4830&cate_no=30&display_group=1
367,https://whoisnerdy.com/web/product/big/202201/742e23efe368c722834bfb00cf363322.png,엔와이 솔리드 윈드브레이커 블랙,116 100원,아우터,바람막이,/product/detail.html?product_no=4844&cate_no=30&display_group=1
368,https://whoisnerdy.com/web/product/big/202201/cf9ccac70b2844270fd8b670973e664a.png,엔와이 후디 윈드브레이커 퍼플,139 000원,아우터,바람막이,/product/detail.html?product_no=4800&cate_no=30&display_group=1
369,https://whoisnerdy.com/web/product/big/202201/6f1e2bafef8bcccb9a77c8281c814b48.png,프리즘 리버시블 자켓 네이비,169 000원,아우터,자켓,/product/detail.html?product_no=4799&cate_no=30&display_group=1
370,https://whoisnerdy.com/web/product/big/202201/7f6c15de843604cf6e77219ab3548ff6.png,프리즘 리버시블 자켓 블랙,169 000원,아우터,자켓,/product/detail.html?product_no=4845&cate_no=30&display_group=1
371,https://whoisnerdy.com/web/product/big/202201/fd96386a7e5e6f6818e71d67dd89654a.png,셰르파 베스트 블랙,90 300원,아우터,아우터,/product/detail.html?product_no=4802&cate_no=30&display_group=1
372,https://whoisnerdy.com/web/product/big/20200207/6d321f2f9023d31b9c3c2d2cc92f7944.png,링클 셔츠 자켓 코랄,45 000원,아우터,자켓,/product/detail.html?product_no=4801&cate_no=30&display_group=1
373,https://whoisnerdy.com/web/product/big/20200207/0b90e7af764869eb0420f414203c9456.png,링클 셔츠 자켓 로얄블루,45 000원,아우터,자켓,/product/detail.html?product_no=4843&cate_no=30&display_group=1
374,https://whoisnerdy.com/web/product/big/20200207/2a4ed12beca4d7b5fa547d552414b529.png,링클 셔츠 자켓 옐로우,45 000원,아우터,자켓,/product/detail.html?product_no=4798&cate_no=30&display_group=1
375,https://whoisnerdy.com/web/product/big/201910/06c4136ba0de282f476eb1805e560f5d.png,코치 자켓 머스타드,139 000원,아우터,자켓,/product/detail.html?product_no=4797&cate_no=30&display_group=1
376,https://whoisnerdy.com/web/product/big/201910/a6b18a6f1affb42962be990f3467cb1a.png,코치 자켓 네이비,139 000원,아우터,자켓,/product/detail.html?product_no=4796&cate_no=30&display_group=1
377,https://whoisnerdy.com/web/product/big/202201/b677b5311337c090780f3419574a9fec.png,에비에이터 자켓 네이비,59 000원,아우터,자켓,/product/detail.html?product_no=4878&cate_no=30&display_group=1
378,https://whoisnerdy.com/web/product/big/202201/9002a5b656c8d5cae941ad96f52da751.png,에비에이터 자켓 크림,59 000원,아우터,자켓,/product/detail.html?product_no=4852&cate_no=30&display_group=1
379,https://whoisnerdy.com/web/product/big/201906/20a112108c236f5053e613c210897910.png,링클 윈드브레이커 자켓 버건디,49 000원,아우터,자켓,/product/detail.html?product_no=4851&cate_no=30&display_group=1
380,https://whoisnerdy.com/web/product/big/202112/02010e9b3cd5cab941964afcf0b2c89e.png,DNA 모노그램 블락 롱 다운 자켓 크림,189 000원,아우터,자켓,/product/detail.html?product_no=4872&cate_no=30&display_group=1
381,https://whoisnerdy.com/web/product/big/202112/d0b53b30383928a2ca3a4d42a1f0e457.png,DNA 모노그램 블락 롱 다운 자켓 블랙,189 000원,아우터,자켓,/product/detail.html?product_no=4871&cate_no=30&display_group=1
382,https://whoisnerdy.com/web/product/big/202112/3a300308a536c119339511c5921f2dcd.png,DNA 모노그램 블락 다운 자켓 크림,159 000원,아우터,자켓,/product/detail.html?product_no=4870&cate_no=30&display_group=1
383,https://whoisnerdy.com/web/product/big/202112/e1940e28f70c3bccabf8ee9b326eb800.png,로고 테잎 롱 다운 자켓 퍼플,190 000원,아우터,자켓,/product/detail.html?product_no=4875&cate_no=30&display_group=1
384,https://whoisnerdy.com/web/product/big/202112/2b0908915b5ce42ba3662f5062d00b10.png,엔와이 롱 다운 자켓 라이트퍼플,227 500원,아우터,자켓,/product/detail.html?product_no=4790&cate_no=30&display_group=1
385,https://whoisnerdy.com/web/product/big/202112/f33c7f2fac34e15081d59a8e44cff153.png,엔와이 롱 다운 자켓 블랙,260 000원,아우터,자켓,/product/detail.html?product_no=4848&cate_no=30&display_group=1
386,https://whoisnerdy.com/web/product/big/202112/00f8aa6b85415341a29924e1fbda0f10.png,엔와이 롱 다운 자켓 핑크,227 500원,아우터,자켓,/product/detail.html?product_no=4847&cate_no=30&display_group=1
387,https://whoisnerdy.com/web/product/big/202112/7bdfe765e523bdc5297366fb337319fa.png,엔와이 롱 다운 자켓 크림,227 500원,아우터,자켓,/product/detail.html?product_no=4831&cate_no=30&display_group=1
388,https://whoisnerdy.com/web/product/big/202112/ff5049d6d4510785ac1f1eaa2a369860.png,엔와이 다운 자켓 라이트퍼플,179 000원,아우터,자켓,/product/detail.html?product_no=4789&cate_no=30&display_group=1
389,https://whoisnerdy.com/web/product/big/202112/a1adb035e9107317b136a07057aef127.png,엔와이 다운 자켓 크림,179 000원,아우터,자켓,/product/detail.html?product_no=4637&cate_no=30&display_group=1
390,https://whoisnerdy.com/web/product/big/202112/c5388fb0e7a47d932204d7965142843d.png,엔와이 다운 자켓 블랙,179 000원,아우터,자켓,/product/detail.html?product_no=4734&cate_no=30&display_group=1
391,https://whoisnerdy.com/web/product/big/202106/e07d15eea9166ab58a94ded4e7842d26.jpg,컬러 블락 리버시블 다운 자켓 터쿠아즈,99 000원,아우터,자켓,/product/detail.html?product_no=4733&cate_no=30&display_group=1
392,https://whoisnerdy.com/web/product/big/202106/549b1e5d0ce16cd8cd4419c505f8116e.jpg,컬러 블락 리버시블 다운 자켓 옐로우,99 000원,아우터,자켓,/product/detail.html?product_no=4784&cate_no=30&display_group=1
393,https://whoisnerdy.com/web/product/big/202106/f84e753db0237d2b878b3fcad2489ff8.jpg,코듀로이 벨벳 다운 자켓 다크 그레이,109 000원,아우터,자켓,/product/detail.html?product_no=4739&cate_no=30&display_group=1
394,https://whoisnerdy.com/web/product/big/202112/765b9b421e9456ac2735501f4983fe55.png,플리스 스탠드넥 롱 자켓 라이트퍼플,95 400원,아우터,자켓,/product/detail.html?product_no=4748&cate_no=30&display_group=1
395,https://whoisnerdy.com/web/product/big/202112/910394d5fdb288cddf85691d67ecf812.png,플리스 스탠드넥 롱 자켓 크림,95 400원,아우터,자켓,/product/detail.html?product_no=4730&cate_no=30&display_group=1
396,https://whoisnerdy.com/web/product/big/202112/315ce7c962c65f3a661792ed4eccc220.png,플리스 스탠드넥 롱 자켓 블랙,95 400원,아우터,자켓,/product/detail.html?product_no=4721&cate_no=30&display_group=1
397,https://whoisnerdy.com/web/product/big/202112/eb9ede58ae730cf4850361ea8f77aa37.png,플러피 플리스 후디드 자켓 퍼플,66 500원,아우터,자켓,/product/detail.html?product_no=4710&cate_no=30&display_group=1
398,https://whoisnerdy.com/web/product/big/202112/3c146d2878d8c578488d9b137d21fd72.png,플러피 플리스 후디드 자켓 크림,66 500원,아우터,자켓,/product/detail.html?product_no=4651&cate_no=30&display_group=1
399,https://whoisnerdy.com/web/product/big/202112/1a3fd9564f26c45965d2093572849e21.png,플러피 플리스 후디드 자켓 블랙,66 500원,아우터,자켓,/product/detail.html?product_no=4653&cate_no=30&display_group=1
400,https://whoisnerdy.com/web/product/big/202112/4dbfb38ff2f4d3a73df2aef476fda424.png,플리스 스탠드넥 자켓 라이트퍼플,125 100원,아우터,자켓,/product/detail.html?product_no=4692&cate_no=30&display_group=1
401,https://whoisnerdy.com/web/product/big/202112/4aa06d4061b8c65e84b662871672a94c.png,플리스 스탠드넥 자켓 민트,97 300원,아우터,자켓,/product/detail.html?product_no=4706&cate_no=30&display_group=1
402,https://whoisnerdy.com/web/product/big/202112/25319468684ee6fe395ee586d9bd359b.png,플리스 스탠드넥 자켓 크림,125 100원,아우터,자켓,/product/detail.html?product_no=4705&cate_no=30&display_group=1
403,https://whoisnerdy.com/web/product/big/202112/7ac3c91ec210cbeb48807ac237382457.png,플리스 스탠드넥 자켓 블랙,125 100원,아우터,자켓,/product/detail.html?product_no=4701&cate_no=30&display_group=1
404,https://whoisnerdy.com/web/product/big/202106/4045bc4e18ff7c8bf62c763cebf4d037.jpg,플리스 블락 패디드 자켓 블랙,69 000원,아우터,자켓,/product/detail.html?product_no=4745&cate_no=30&display_group=1
405,https://whoisnerdy.com/web/product/big/202101/fc8bfa2d870ca61ef9523ad933d6bbba.jpg,플리스 후드 자켓 아이보리,149 000원,아우터,자켓,/product/detail.html?product_no=4662&cate_no=30&display_group=1
406,https://whoisnerdy.com/web/product/big/201910/b9b67e43146aabf55e1a15db0dd94b08.png,컬러 블락 플리스 자켓 블랙,69 500원,아우터,자켓,/product/detail.html?product_no=4746&cate_no=30&display_group=1
407,https://whoisnerdy.com/web/product/big/202112/ada15fd5538bde169d922fb6db442092.png,리버시블 플리스 다운 자켓 퍼플,169 000원,아우터,자켓,/product/detail.html?product_no=4660&cate_no=30&display_group=1
408,https://whoisnerdy.com/web/product/big/202112/defa58a211e237b98500cb939223c0a3.png,리버시블 플리스 다운 자켓 핑크,169 000원,아우터,자켓,/product/detail.html?product_no=4741&cate_no=30&display_group=1
409,https://whoisnerdy.com/web/product/big/202112/3c28fd67c280edd7c47e657f0200cd1c.png,리버시블 플리스 다운 자켓 블랙,169 000원,아우터,자켓,/product/detail.html?product_no=4631&cate_no=30&display_group=1
410,https://whoisnerdy.com/web/product/big/202203/40ca01ba532f1abf3926834471acece5.png,그라데이션 데님 세트,238 400원,아우터,아우터,/product/detail.html?product_no=4740&cate_no=30&display_group=1
411,https://whoisnerdy.com/web/product/big/202201/1c859c2f45b893df2215d5ec73aa7294.png,엔와이 후디 윈드브레이커 화이트,125 100원,아우터,바람막이,/product/detail.html?product_no=4659&cate_no=30&display_group=1
412,https://whoisnerdy.com/web/product/big/202201/4d633ac914149be4463e42936ad96616.png,엔와이 후디 윈드브레이커 블랙,125 100원,아우터,바람막이,/product/detail.html?product_no=4695&cate_no=30&display_group=1
413,https://whoisnerdy.com/web/product/big/201910/747ae61d223c51e684119f75e056569d.png,퀼티드 자켓 블랙,59 000원,아우터,자켓,/product/detail.html?product_no=4629&cate_no=30&display_group=1
414,https://whoisnerdy.com/web/product/big/201906/ad65ec1c2130b0036c6b24759b4e49aa.png,패디드 플란넬 셔츠 자켓 네이비,71 600원,아우터,자켓,/product/detail.html?product_no=4635&cate_no=30&display_group=1
415,https://whoisnerdy.com/web/product/big/201906/b7ce4a459658d8a1470246a4826415c7.png,캐릭터 리버시블 자켓 블루,39 000원,아우터,자켓,/product/detail.html?product_no=4634&cate_no=30&display_group=1
416,https://whoisnerdy.com/web/product/big/202201/8b2a53f74062630f693222da59127f1d.png,컬러 블락 윈드브레이커 자켓 라이트 오렌지,69 500원,아우터,자켓,/product/detail.html?product_no=4632&cate_no=30&display_group=1
417,https://whoisnerdy.com/web/product/big/201910/9d4fe0cdef121d2d5ed8352d9446a8f2.png,베이식 로고 아노락 자켓 블랙,59 500원,아우터,자켓,/product/detail.html?product_no=4318&cate_no=30&display_group=1
418,https://whoisnerdy.com/web/product/big/201910/e5e6a955e530737c7625acb3f9ce843b.png,퀼티드 자켓 카키,59 000원,아우터,자켓,/product/detail.html?product_no=4316&cate_no=30&display_group=1
419,https://whoisnerdy.com/web/product/big/201906/403cc81a0adefe3db265388edeca3659.png,링클 윈드브레이커 자켓 블랙,67 600원,아우터,자켓,/product/detail.html?product_no=4290&cate_no=30&display_group=1
420,https://whoisnerdy.com/web/product/big/201906/9b11387b5ecb76a9789d02a65f527660.png,[LAST ONE] 블루종 자켓 블랙,56 100원,아우터,자켓,/product/detail.html?product_no=4289&cate_no=30&display_group=1
421,https://whoisnerdy.com/web/product/big/201906/1c2cdfea6630edec5072478707340c98.png,[LAST ONE] 블루종 자켓 화이트,74 800원,아우터,자켓,/product/detail.html?product_no=4288&cate_no=30&display_group=1
422,https://whoisnerdy.com/web/product/big/202106/67b6e3ca99db915ce89694472581e491.jpg,레오파드 플리스 자켓 오렌지,97 300원,아우터,자켓,/product/detail.html?product_no=4287&cate_no=30&display_group=1
423,https://whoisnerdy.com/web/product/big/202010/08e18738ef186e104639bc40e5965493.jpg,플리스 아노락 블랙,139 000원,아우터,후리스,/product/detail.html?product_no=4274&cate_no=30&display_group=1
424,https://whoisnerdy.com/web/product/big/201909/133f4ea2f77a1c0465ac9eec111a7569.png,플리스 자켓 옐로우,54 500원,아우터,자켓,/product/detail.html?product_no=4273&cate_no=30&display_group=1
425,https://whoisnerdy.com/web/product/big/201909/d221ec4768a134fb136ec824f4ede086.png,플리스 자켓 블랙,54 500원,아우터,자켓,/product/detail.html?product_no=4258&cate_no=30&display_group=1
