product_idx,product_title,product_img,product_price,product_category,product_tag,product_description,product_rgstdate,product_mdfydate
1,(22SS) 2 TONE ARCH 티셔츠 ROYAL BLUE,dress.jpg,49900,원피스,,원피스,2022-04-05 11:20,2022-04-17 21:55
3,핀턱 셔츠 롱 원피스 레이온블랙 MDOP043RNBLACK,dress.jpg,49900,원피스,,원피스,2022-04-05 11:24,
4,[쿨탠다드] 우먼즈 피케 폴로 원피스 [블랙],dress.jpg,49900,원피스,,원피스,2022-04-05 11:24,
5,[쿨탠다드] 우먼즈 피케 폴로 원피스 [네이비],dress.jpg,49900,원피스,,원피스,2022-04-05 11:24,
6,라이 맥시 롱 원피스 black[블랙],dress.jpg,49900,원피스,,원피스,2022-04-05 11:24,
7,여성 트위스트 셔츠 원피스 - 에스프레소 / DR254LF588495,dress.jpg,49900,원피스,,원피스,2022-04-05 11:24,
8,여성 트위스트 원피스 - 레몬 글레이즈 / W221DR254LF588500,dress.jpg,49900,원피스,,원피스,2022-04-05 11:24,
9,여성 트위스트 원피스 - 라일락 아이스 / DR254LF588817,dress.jpg,49900,원피스,,원피스,2022-04-05 11:24,
10,베이직 피케카라 원피스_SPOMC24G04,dress.jpg,49900,원피스,,원피스,2022-04-05 11:24,
11,NOI672 부클 니트 원피스 (블랙),dress.jpg,49900,원피스,,원피스,2022-04-05 11:24,
12,스퀘어넥 슬리브리스 원피스_Purple,dress.jpg,39900,원피스,,원피스,2022-04-05 11:26,
13,브러쉬 코르셋 원피스-아이보리,dress.jpg,39900,원피스,,원피스,2022-04-05 11:26,
14,플레인 써머 원피스 OUOOP002-WT,dress.jpg,39900,원피스,,원피스,2022-04-05 11:26,
15,여성 타이포그래피 루즈핏 기본원피스/FC1WOP01F WHITE,dress.jpg,39900,원피스,,원피스,2022-04-05 11:26,
16,하프 슬리브 롱 원피스 ADS201002-BK,dress.jpg,39900,원피스,,원피스,2022-04-05 11:26,
17,하프 슬리브  롱 원피스 ADS201002-MT,dress.jpg,39900,원피스,,원피스,2022-04-05 11:26,
18,플레인 써머 원피스 OUOOP002-BK,dress.jpg,39900,원피스,,원피스,2022-04-05 11:26,
19,[NF] 핀턱 아일렛 원피스 (CHARCOAL)_F22QD321,dress.jpg,39900,원피스,,원피스,2022-04-05 11:26,
20, WOMEN 쿨링 여름 코튼 데일리 미니원피스 [BLACK] 무지 ver.,dress.jpg,39900,원피스,,원피스,2022-04-05 11:26,
21, WOMEN 쿨링 여름 코튼 데일리 미니원피스 [WHITE] 무지 ver.,dress.jpg,39900,원피스,,원피스,2022-04-05 11:26,
22,네이비 포켓 반팔 니트 원피스 (162471DS1R),dress.jpg,49900,원피스,,원피스,2022-04-05 11:27,
23, 플레어 슬리브리스 원피스,dress.jpg,49900,원피스,,원피스,2022-04-05 11:28,
24, 우먼즈 퍼프 슬리브 티셔츠 드레스 [블랙],dress.jpg,49900,원피스,,원피스,2022-04-05 11:28,
25, 캡슐로고 민소매 원피스 CS LOGO SLEEVELESS ONE-PIECE,dress.jpg,49900,원피스,,원피스,2022-04-05 11:28,
26, 클래식 타이트 서머 드레스 - 블루 / HC2044,dress.jpg,49900,원피스,,원피스,2022-04-05 11:28,
27, 블루 데님 미니원피스 (352471IP1Q),dress.jpg,49900,원피스,,원피스,2022-04-05 11:28,
28, 언발 플레어 스트링 셔츠 원피스 MJ06OP300HJJ,dress.jpg,49900,원피스,,원피스,2022-04-05 11:28,
29, 아이보리 리넨 플라워 티어드 미니 원피스 (322571FY20),dress.jpg,49900,원피스,,원피스,2022-04-05 11:28,
30, 블랙 슬리브리스 롱 원피스 (322571FY15),dress.jpg,49900,원피스,,원피스,2022-04-05 11:28,
31, 블루 자수 캉캉 미니 원피스 (162571FY1P),dress.jpg,49900,원피스,,원피스,2022-04-05 11:28,
32, 블랙 레이스 배색 미니 원피스 (322471DYA5),dress.jpg,29900,원피스,,원피스,2022-04-05 11:30,
33, 블랙 플리츠 홀터넥 미니 원피스 (322571FY35),dress.jpg,29900,원피스,,원피스,2022-04-05 11:31,
34, 스카이 블루 골지 슬림핏 롱 원피스 (112571AC1Q),dress.jpg,29900,원피스,,원피스,2022-04-05 11:31,
35, (W) CGC 루즈핏 피케 원피스 네이비,dress.jpg,29900,원피스,,원피스,2022-04-05 11:31,
36, 블랙 골지 슬림핏 롱 원피스 (112571AC15),dress.jpg,29900,원피스,,원피스,2022-04-05 11:31,
37, 클래식 타이트 서머 드레스 - 블랙 / HC2039,dress.jpg,29900,원피스,,원피스,2022-04-05 11:31,
38, 빅 카라 트위드 자켓 드레스 (퍼플),dress.jpg,29900,원피스,,원피스,2022-04-05 11:31,
39, [쿨탠다드] 우먼즈 피케 폴로 원피스 [블루 그레이],dress.jpg,29900,원피스,,원피스,2022-04-05 11:31,
40, 빅 카라 솔리드 자켓 드레스 (블랙),dress.jpg,29900,원피스,,원피스,2022-04-05 11:31,
41, 플레어 셔츠 드레스 - 코랄,dress.jpg,29900,원피스,,원피스,2022-04-05 11:31,
42, 카라 피케 원피스 네이비,dress.jpg,59900,원피스,,원피스,2022-04-05 11:33,
43, 앤디 슬리브리스 보트넥 드레스,dress.jpg,59900,원피스,,원피스,2022-04-05 11:33,
44, 엘리나 린넨 드레스,dress.jpg,59900,원피스,,원피스,2022-04-05 11:33,
45, 카라 피케 원피스 블랙,dress.jpg,59900,원피스,,원피스,2022-04-05 11:33,
46, 네이비 플라워 캉캉 미니 원피스 (322571CY2R),dress.jpg,59900,원피스,,원피스,2022-04-05 11:33,
47, [윔블던 에디션] 윔블던 피케 숏 슬리브 폴로 드레스 - 화이트,dress.jpg,59900,원피스,,원피스,2022-04-05 11:33,
48, 프릴 디테일 버튼 원피스-블랙,dress.jpg,59900,원피스,,원피스,2022-04-05 11:33,
49, 베이직 피케카라 원피스_SPOMC24G04,dress.jpg,59900,원피스,,원피스,2022-04-05 11:33,
50, 프릴 디테일 버튼 원피스-그레이,dress.jpg,59900,원피스,,원피스,2022-04-05 11:33,
51, 카라 소매 볼륨 원피스_스카이블루,dress.jpg,59900,원피스,,원피스,2022-04-05 11:33,
52, 카라 소매 볼륨 원피스_네이비,dress.jpg,14900,원피스,,원피스,2022-04-05 11:34,
54, 린넨 이지 롱 원피스,dress.jpg,14900,원피스,,원피스,2022-04-05 11:35,
55, 스퀘어 슬리브리스 원피스 [BEIGE] / S22A04020,dress.jpg,14900,원피스,,원피스,2022-04-05 11:35,
56,스퀘어 슬리브리스 원피스 [BLACK] / S22A04020,dress.jpg,14900,원피스,,원피스,2022-04-05 11:35,
57,[유아인 착용 상품] 릴렉스드 베이식 블레이저 [블랙],jackets.jpg,14900,블레이저,,블레이저,2022-04-05 11:35,
58,린넨 라이크 셋업 수트 오트밀,jackets.jpg,14900,블레이저,,블레이저,2022-04-05 11:35,
59,오버사이즈 블레이저 [블랙],jackets.jpg,14900,블레이저,,블레이저,2022-04-05 11:35,
60,베이식 블레이저 [블랙],jackets.jpg,14900,블레이저,,블레이저,2022-04-05 11:35,
61,린넨 라이크 셋업 수트 블랙,jackets.jpg,14900,블레이저,,블레이저,2022-04-05 11:35,
62,라이트웨이트 베이식 블레이저 [블랙],jackets.jpg,14900,블레이저,,블레이저,2022-04-05 11:35,
63,쿨 린넨 오버사이즈 셋업 블레이저 [BLACK],jackets.jpg,14900,블레이저,,블레이저,2022-04-05 12:41,
75,[SET] 22SS 쿨맥스 위버쿨 자켓 & 쿨맥스 테이퍼드핏  슬랙스,jackets.jpg,14900,블레이저,,블레이저,2022-04-05 12:42,
76,[유아인 착용 상품] 대디 숄더 오버사이즈 블레이저 [블랙],jackets.jpg,14900,블레이저,,블레이저,2022-04-05 12:42,
77,사이드픽스 슈팅 수트셋업 네이비,jackets.jpg,14900,블레이저,,블레이저,2022-04-05 12:42,
78,린넨 쓰리피스 셋업_블랙,jackets.jpg,14900,블레이저,,블레이저,2022-04-05 12:42,
79,M1745 여름용 린넨 셋업 (베이지),jackets.jpg,14900,블레이저,,블레이저,2022-04-05 12:42,
80,오버사이즈 블레이저 [미디엄 그레이],jackets.jpg,14900,블레이저,,블레이저,2022-04-05 12:42,
81,[SET] 22SS 쿨맥스 위버쿨 자켓 & 쿨맥스 세미와이드핏 슬랙스,jackets.jpg,14900,블레이저,,블레이저,2022-04-05 12:42,
82,네이처 싱글 셋업 수트 베이지,jackets.jpg,14900,블레이저,,블레이저,2022-04-05 12:42,
83,우먼즈 오버사이즈 블레이저 [블랙],jackets.jpg,14900,블레이저,,블레이저,2022-04-05 12:42,
84,[쿨탠다드] 릴렉스드 베이식 블레이저 [블랙],jackets.jpg,29900,블레이저,,블레이저,2022-04-05 12:43,
85,린넨 쓰리피스 셋업_베이지,jackets.jpg,29900,블레이저,,블레이저,2022-04-05 12:43,
86,[SET]아일리쉬 린넨 세미 오버핏 싱글 자켓 벨트팬츠 셋업_Linen,jackets.jpg,29900,블레이저,,블레이저,2022-04-05 12:43,
87,라이트웨이트 릴렉스드 베이식 블레이저 [블랙],jackets.jpg,29900,블레이저,,블레이저,2022-04-05 12:43,
88,[22SS clove] Pleated 스커트 (Navy),skirts.jpg,29900,스커트,,스커트,2022-04-05 12:43,
89,Peekaboo Lowrise Skort Gray Pin Stripe 스커트,skirts.jpg,29900,스커트,,스커트,2022-04-05 12:43,
90,[정호연 착용] 우먼즈 데님 미니 스커트 [워시드 블랙],skirts.jpg,29900,스커트,,스커트,2022-04-05 12:43,
91,스윙 플리츠 스커트,skirts.jpg,29900,스커트,,스커트,2022-04-05 12:43,
92,High-Waist H Line Skirt_Navy,skirts.jpg,29900,스커트,,스커트,2022-04-05 12:43,
93,Peekaboo Lowrise Skort Black Pin Stripe,skirts.jpg,29900,스커트,,스커트,2022-04-05 12:43,
94,[NF] 데님 플리츠 벨트 스커트 (BLK)_F21QC023,skirts.jpg,59900,스커트,,스커트,2022-04-05 12:44,
95,볼드 플리츠 숏 스커트 브라운,skirts.jpg,59900,스커트,,스커트,2022-04-05 12:44,
96,여성 플리츠 스커트 (DN12WFSK32),skirts.jpg,59900,스커트,,스커트,2022-04-05 12:44,
97,스윙 플리츠 숏 스커트 오렌지,skirts.jpg,59900,스커트,,스커트,2022-04-05 12:44,
98,서머 포켓 스커트 네이비,skirts.jpg,59900,스커트,,스커트,2022-04-05 12:44,
99,[22SS clove] Pleated 블루 스커트,skirts.jpg,59900,스커트,,스커트,2022-04-05 12:44,
100,CLGR Banding Flare 스커트,skirts.jpg,59900,스커트,,스커트,2022-04-05 12:44,
101,우먼즈 데님 미니 스커트 [라이트 인디고],skirts.jpg,59900,스커트,,스커트,2022-04-05 12:44,
102,컬러블록 플리츠 스커트_레드,skirts.jpg,59900,스커트,,스커트,2022-04-05 12:44,
103,[윔블던 에디션] 폴리 스트레치 스커트 - 화이트,skirts.jpg,59900,스커트,,스커트,2022-04-05 12:44,
104,키르시 로우 웨이스트 플리츠 스커트 [베이지],skirts.jpg,14900,스커트,,스커트,2022-04-05 12:45,
105,메쉬 플라워 스커트 (White),skirts.jpg,14900,스커트,,스커트,2022-04-05 12:45,
106,스트라이프 플리츠 니트 스커트 네이비,skirts.jpg,14900,스커트,,스커트,2022-04-05 12:45,
107,여성 테니스 미드 플리츠 스커트 JF007E-52G 001,skirts.jpg,14900,스커트,,스커트,2022-04-05 12:45,
108,SL01 시밀러 린넨 데님 와이드 팬츠 (RAW INDIGO),pants.jpg,14900,팬츠,,데님/팬츠,2022-04-05 12:45,
109,와이드 데님 팬츠 (BLEACH),pants.jpg,14900,팬츠,,데님/팬츠,2022-04-05 12:45,
110,TC2-PT02 인디고 스트링 팬츠,pants.jpg,14900,팬츠,,데님/팬츠,2022-04-05 12:45,
111,와이드 크링클 데님 팬츠 (인디고),pants.jpg,14900,팬츠,,데님/팬츠,2022-04-05 12:45,
112,브루클린 뉴트로 와이드 워시드 데님 팬츠,pants.jpg,14900,팬츠,,데님/팬츠,2022-04-05 12:45,
113,모어 와이드 데님 팬츠 (RAW INDIGO),pants.jpg,14900,팬츠,,데님/팬츠,2022-04-05 12:45,
114,와이드 데님 팬츠 (R.INDIGO),pants.jpg,39900,팬츠,,데님/팬츠,2022-04-05 12:46,
115,시티보이 투 턱 와이드 데님팬츠 딥블루,pants.jpg,39900,팬츠,,데님/팬츠,2022-04-05 12:46,
116,아수라 데님 스웻 팬츠_연청,pants.jpg,39900,팬츠,,데님/팬츠,2022-04-05 12:46,
117,와이드 린넨 데님팬츠_인디고,pants.jpg,39900,팬츠,,데님/팬츠,2022-04-05 12:46,
119,깡 스타일리스트 x 플랙 스티즈 K48 딥 워시드,pants.jpg,39900,팬츠,,데님/팬츠,2022-04-05 12:46,
120,RE#9204 서퍼브핏 헤비데미지드 데님 팬츠,pants.jpg,39900,팬츠,,데님/팬츠,2022-04-05 12:46,
121,LIGHT BLUE SEMI WIDE(세미와이드핏),pants.jpg,39900,팬츠,,데님/팬츠,2022-04-05 12:46,
122,생지 와이드 핏 팬츠_INDIGO,pants.jpg,39900,팬츠,,데님/팬츠,2022-04-05 12:46,
123,디스트로이드 스트레이트 롱 와이드 데님_blue,pants.jpg,39900,팬츠,,데님/팬츠,2022-04-05 12:46,
124,밴딩 데님 팬츠 DP L902,pants.jpg,39900,팬츠,,데님/팬츠,2022-04-12 0:35,
125,릴렉스드 와이드 생지 데님 팬츠,pants.jpg,39900,팬츠,,데님/팬츠,2022-04-12 0:35,
126,[데일리지] 쿨 와이드 진_SPTJC25C51,pants.jpg,39900,팬츠,,데님/팬츠,2022-04-12 0:35,
127,써머  세미 와이드 린넨 데님 밴딩 팬츠  - 데님,pants.jpg,39900,팬츠,,데님/팬츠,2022-04-12 0:35,
128,[썸머ver.]트위스트 커브드 와이드 밴딩 데님 팬츠_Indigo,pants.jpg,39900,팬츠,,데님/팬츠,2022-04-12 0:35,
129,스티치 카펜터 팬츠 - 블루,pants.jpg,39900,팬츠,,데님/팬츠,2022-04-12 0:35,
130,Damage 513 크리스 디스 롱와이드 데님팬츠 damage blue,pants.jpg,39900,팬츠,,데님/팬츠,2022-04-12 0:35,
131,[데일리지] 쿨 와이드 진_SPTJC25G51,pants.jpg,39900,팬츠,,데님/팬츠,2022-04-12 0:35,
132,벌룬핏 데님 와이드 팬츠 (R.INDIGO),pants.jpg,39900,팬츠,,데님/팬츠,2022-04-12 0:35,
133,[린넨데님]COCL 내추럴 와이드 린넨 데님 쇼츠 인디고블루 COOSPT195I.BLUE,pants.jpg,39900,팬츠,,데님/팬츠,2022-04-12 0:35,
134,W 카버 7801 하이웨이스트 세미와이드핏 다크인디고 데님팬츠,pants.jpg,39900,팬츠,,데님/팬츠,2022-04-12 0:35,
135,유니섹스 벨티드 버뮤다 데님 팬츠 - 블루,pants.jpg,39900,팬츠,,데님/팬츠,2022-04-12 0:35,
136,M2099 원턱 와이드 워시드 데님 팬츠,pants.jpg,39900,팬츠,,데님/팬츠,2022-04-12 0:35,
137,V153 라이트웨이트 인디고 데님 팬츠,pants.jpg,39900,팬츠,,데님/팬츠,2022-04-12 0:35,
138,벨티드 하프 리넨 데님_다크블루,pants.jpg,39900,팬츠,,데님/팬츠,2022-04-12 0:35,
139,테이퍼드핏 데님 팬츠 DP T908,pants.jpg,39900,팬츠,,데님/팬츠,2022-04-12 0:35,
140,스탠다드 진 라이트 블루,pants.jpg,39900,팬츠,,데님/팬츠,2022-04-12 0:35,
141,TC1-DN2104 와이드 오가닉 데님,pants.jpg,39900,팬츠,,데님/팬츠,2022-04-12 0:35,
142,라인 워싱 와이드 데님 팬츠 [블루],pants.jpg,39900,팬츠,,데님/팬츠,2022-04-12 0:35,
143,와이드 카고 하프 데님 팬츠 (인디고),pants.jpg,39900,팬츠,,데님/팬츠,2022-04-12 0:35,
144,와이드 카고 데님 팬츠 (인디고),pants.jpg,39900,팬츠,,데님/팬츠,2022-04-12 0:35,
145,루즈테이퍼드 데님 팬츠 Dark Used,pants.jpg,39900,팬츠,,데님/팬츠,2022-04-12 0:35,
146,618 생지데님 (이염방지 원단 제작),pants.jpg,39900,팬츠,,데님/팬츠,2022-04-12 0:35,
147,BLACK SEMI WIDE(세미 와이드핏),pants.jpg,39900,팬츠,,데님/팬츠,2022-04-12 0:35,
148,마리오 와이드 데님 부츠컷,pants.jpg,39900,팬츠,,데님/팬츠,2022-04-12 0:35,
149,아수라 딥턱 스웻 팬츠_챠콜&블랙,pants.jpg,39900,팬츠,,데님/팬츠,2022-04-12 0:35,
150,블랙스노우 와이드 데님 팬츠,pants.jpg,39900,팬츠,,데님/팬츠,2022-04-12 0:35,
151,원턱 데님 팬츠[Middle Blue],pants.jpg,39900,팬츠,,데님/팬츠,2022-04-12 0:35,
152,원 턱 와이드 데님 팬츠 (인디고),pants.jpg,39900,팬츠,,데님/팬츠,2022-04-12 0:35,
153,원 턱 와이드 진 블루,pants.jpg,39900,팬츠,,데님/팬츠,2022-04-12 0:35,
154,시티보이 빅오버 옥스포드 셔츠_Royal Blue,blouse.jpg,39900,셔츠,,셔츠/블라우스,2022-04-12 0:35,
155,시티보이 빅오버 옥스포드 반팔 셔츠_Sky Blue,blouse.jpg,39900,셔츠,,셔츠/블라우스,2022-04-12 0:35,
156,코튼 블렌드 하프 셔츠 : 7컬러,blouse.jpg,39900,셔츠,,셔츠/블라우스,2022-04-12 0:35,
157,[세트][선택] 스톤 워싱 데님 셋업 블루,blouse.jpg,39900,셔츠,,셔츠/블라우스,2022-04-12 0:35,
158,시티보이 빅오버 옥스포드 셔츠_Neutral Gray,blouse.jpg,39900,셔츠,,셔츠/블라우스,2022-04-12 0:35,
159,[WHITE COLLECTION] 커스텀핏 클래식 옥스포드 셔츠  - 화이트,blouse.jpg,39900,셔츠,,셔츠/블라우스,2022-04-12 0:35,
160,시티보이 빅오버 옥스포드 셔츠_Off White,blouse.jpg,39900,셔츠,,셔츠/블라우스,2022-04-12 0:35,
161,오버핏 옥스포드 셔츠_SPYWC12C02,blouse.jpg,39900,셔츠,,셔츠/블라우스,2022-04-12 0:35,
162,시티보이 빅오버 옥스포드 반팔 셔츠_White,blouse.jpg,39900,셔츠,,셔츠/블라우스,2022-04-12 0:35,
163,빅 하프 셔츠 (피스타치오),blouse.jpg,39900,셔츠,,셔츠/블라우스,2022-04-12 0:35,
164,커스텀 핏 리넨 셔츠 - 화이트,blouse.jpg,39900,셔츠,,셔츠/블라우스,2022-04-12 0:35,
165,시티보이 빅오버 린넨 반팔 셔츠_Midnight Blue,blouse.jpg,39900,셔츠,,셔츠/블라우스,2022-04-12 0:35,
166,시티보이 빅오버 옥스포드 반팔 셔츠_Ash Gray,blouse.jpg,39900,셔츠,,셔츠/블라우스,2022-04-12 0:35,
167,솔리드 옥스포드 오버셔츠(스카이블루),blouse.jpg,39900,셔츠,,셔츠/블라우스,2022-04-12 0:35,
168,롱슬리브 포플린 셔츠 - 화이트,blouse.jpg,39900,셔츠,,셔츠/블라우스,2022-04-12 0:35,
169,루즈핏 오픈카라 텐셀 린넨 셔츠 [네이비],blouse.jpg,39900,셔츠,,셔츠/블라우스,2022-04-12 0:35,
170,[정해인 착용] [COMMON]린넨혼방셔츠 MWWS3120,blouse.jpg,39900,셔츠,,셔츠/블라우스,2022-04-12 0:35,
171,텐셀 리넨 롱 슬리브 셔츠_코발트블루,blouse.jpg,39900,셔츠,,셔츠/블라우스,2022-04-12 0:35,
172,오피서 하프 셔츠 (틸 그린),blouse.jpg,39900,셔츠,,셔츠/블라우스,2022-04-12 0:35,
173,린넨 히든 미니멀 셔츠 [SKY BLUE],blouse.jpg,39900,셔츠,,셔츠/블라우스,2022-04-12 0:35,
174,사인 로고 후드 블랙,mantoman.jpg,39900,후드맨투맨,,후드맨투맨,2022-04-12 0:35,
175,사인 로고 후드 그레이,mantoman.jpg,39900,후드맨투맨,,후드맨투맨,2022-04-12 0:35,
176,로그 오버핏 기모 후드 그레이 YHHD2302,mantoman.jpg,39900,후드맨투맨,,후드맨투맨,2022-04-12 0:35,
177,엔젤 와펜 후드 그레이,mantoman.jpg,39900,후드맨투맨,,후드맨투맨,2022-04-12 0:35,
178,제이윈 덤블 기모후드 그레이(KHHD0748),mantoman.jpg,39900,후드맨투맨,,후드맨투맨,2022-04-12 0:35,
179,[패키지]제이윈 덤블 기모후드 패키지(KHHD0748),mantoman.jpg,39900,후드맨투맨,,후드맨투맨,2022-04-12 0:35,
180,빅 트위치 루즈핏 후디 네이비,mantoman.jpg,39900,후드맨투맨,,후드맨투맨,2022-04-12 0:35,
181,[22SS] 뉴필드 후드 남색 SMHD4457,mantoman.jpg,39900,후드맨투맨,,후드맨투맨,2022-04-12 0:35,
182,스탠다드 후드 스웨트 셔츠 - 멜란지 그레이,mantoman.jpg,39900,후드맨투맨,,후드맨투맨,2022-04-12 0:35,
183,어센틱 로고 후디 멜란지 그레이,mantoman.jpg,39900,후드맨투맨,,후드맨투맨,2022-04-12 0:35,
184,[피로pick] TAG KEEP HOODIE - BLACK,mantoman.jpg,39900,후드맨투맨,,후드맨투맨,2022-04-12 0:35,
185,엔젤 와펜 후드 블랙,mantoman.jpg,39900,후드맨투맨,,후드맨투맨,2022-04-12 0:35,
186,미시간 울버린 피그먼트 후드티 블랙 차콜,mantoman.jpg,39900,후드맨투맨,,후드맨투맨,2022-04-12 0:35,
187,[패키지]제이 양기모후드 패키지(HJHD2050),mantoman.jpg,39900,후드맨투맨,,후드맨투맨,2022-04-12 0:35,
188,950g 오리지널무지 기모후드 OGHD1931,mantoman.jpg,39900,후드맨투맨,,후드맨투맨,2022-04-12 0:35,
189,ODSD 로고 아플리케 후드 - 8COLOR,mantoman.jpg,39900,후드맨투맨,,후드맨투맨,2022-04-12 0:35,
190,2 TONE ARCH HOODIE NAVY,mantoman.jpg,39900,후드맨투맨,,후드맨투맨,2022-04-12 0:35,
191,스몰 사인 로고 후드 그레이,mantoman.jpg,39900,후드맨투맨,,후드맨투맨,2022-04-12 0:35,
192,스몰 트위치 오버핏 후디 그레이,mantoman.jpg,39900,후드맨투맨,,후드맨투맨,2022-04-12 0:35,
193,빅 트위치 루즈핏 후디 그레이,mantoman.jpg,39900,후드맨투맨,,후드맨투맨,2022-04-12 0:35,
194,후디드 스웨트셔츠 [멜란지 그레이],mantoman.jpg,39900,후드맨투맨,,후드맨투맨,2022-04-12 0:35,
195,잇 저스트 마이 후디[블랙],mantoman.jpg,39900,후드맨투맨,,후드맨투맨,2022-04-12 0:35,
196,후디드 스웨트셔츠 [블랙],mantoman.jpg,39900,후드맨투맨,,후드맨투맨,2022-04-12 0:35,
197,에센셜 후드 스웻 셔츠 (BLACK),mantoman.jpg,39900,후드맨투맨,,후드맨투맨,2022-04-12 0:35,
198,S700 파워블랜드 풀오버 무지 후드티,mantoman.jpg,39900,후드맨투맨,,후드맨투맨,2022-04-12 0:35,
199,[패키지] 로그 오버핏 기모 후드 7종 2Pack YHHD2302,mantoman.jpg,39900,후드맨투맨,,후드맨투맨,2022-04-12 0:35,
200,로그 오버핏 기모 후드 블랙 YHHD2302,mantoman.jpg,39900,후드맨투맨,,후드맨투맨,2022-04-12 0:35,
201,해비 코튼 썸홀 후디 : 12color,mantoman.jpg,39900,후드맨투맨,,후드맨투맨,2022-04-12 0:35,
202,[S700BK] 더블 드라이 에코 플리스 풀업후드-블랙,mantoman.jpg,39900,후드맨투맨,,후드맨투맨,2022-04-12 0:35,
203,사인 로고 후드 네이비,mantoman.jpg,39900,후드맨투맨,,후드맨투맨,2022-04-12 0:35,
204,스몰 사인 로고 후드 블랙,mantoman.jpg,39900,후드맨투맨,,후드맨투맨,2022-04-12 0:35,
205,헤비웨이트 오버사이즈 후디드 스웨트셔츠 [미디엄 그레이],mantoman.jpg,39900,후드맨투맨,,후드맨투맨,2022-04-12 0:35,
206,레터링 타투 후드 기모 블랙,mantoman.jpg,39900,후드맨투맨,,후드맨투맨,2022-04-12 0:35,
207,빅 트위치 루즈핏 후디 블랙,mantoman.jpg,39900,후드맨투맨,,후드맨투맨,2022-04-12 0:35,
208,베이직 기모 후드티 그레이,mantoman.jpg,39900,후드맨투맨,,후드맨투맨,2022-04-12 0:35,
209,헤비웨이트 오버사이즈 후디드 스웨트셔츠 [블랙],mantoman.jpg,39900,후드맨투맨,,후드맨투맨,2022-04-12 0:35,
210,푸마 X 아미 후드 티셔츠 - 라이트 그레이 / 534069-04,mantoman.jpg,39900,후드맨투맨,,후드맨투맨,2022-04-12 0:35,
211,베츠 어센틱 후드 그레이,mantoman.jpg,39900,후드맨투맨,,후드맨투맨,2022-04-12 0:35,
212,아크 로고 후디 (네이비),mantoman.jpg,39900,후드맨투맨,,후드맨투맨,2022-04-12 0:35,
213,어센틱 로고 후디 블랙,mantoman.jpg,39900,후드맨투맨,,후드맨투맨,2022-04-12 0:35,
214,스탠다드 후드 스웨트 셔츠 - 블랙_소매 와펜 ver.,mantoman.jpg,39900,후드맨투맨,,후드맨투맨,2022-04-12 0:35,
215,어센틱 로고 후디 네이비,mantoman.jpg,39900,후드맨투맨,,후드맨투맨,2022-04-12 0:35,
216,C 로고 후디 네이비,mantoman.jpg,39900,후드맨투맨,,후드맨투맨,2022-04-12 0:35,
217,슈무 후디 - 블랙 / GD3544,mantoman.jpg,39900,후드맨투맨,,후드맨투맨,2022-04-12 0:35,
218,[SET] 헤비웨이트 CGP 아치 로고 트레이닝 셋업_멜란지그레이,mantoman.jpg,39900,후드맨투맨,,후드맨투맨,2022-04-12 0:35,
219,슬레이크 후드 네이비 HHHD3397,mantoman.jpg,39900,후드맨투맨,,후드맨투맨,2022-04-12 0:35,
220,로고&스마일리 후디 화이트(IK2CSMM400A),mantoman.jpg,39900,후드맨투맨,,후드맨투맨,2022-04-12 0:35,
221,[기모] Geppetto 자수 후드 크림,mantoman.jpg,39900,후드맨투맨,,후드맨투맨,2022-04-12 0:35,
222,C 로고 후디 블랙,mantoman.jpg,39900,후드맨투맨,,후드맨투맨,2022-04-12 0:35,
223,스몰 트위치 오버핏 후디 블랙,mantoman.jpg,39900,후드맨투맨,,후드맨투맨,2022-04-12 0:35,
224,[22SS] 뉴필드 후드 회색 SMHD4457,mantoman.jpg,39900,후드맨투맨,,후드맨투맨,2022-04-12 0:35,
225,아크 로고 후디 (그레이),mantoman.jpg,39900,후드맨투맨,,후드맨투맨,2022-04-12 0:35,
226,사인 로고 후드 아이보리,mantoman.jpg,39900,후드맨투맨,,후드맨투맨,2022-04-12 0:35,
227,빅 트위치 루즈핏 후디 아이보리,mantoman.jpg,39900,후드맨투맨,,후드맨투맨,2022-04-12 0:35,
228,잇 저스트 마이 후디[그레이],mantoman.jpg,39900,후드맨투맨,,후드맨투맨,2022-04-12 0:35,
229,에센셜 후드 스웻 셔츠 (CHARCOAL),mantoman.jpg,39900,후드맨투맨,,후드맨투맨,2022-04-12 0:35,
230,C 로고 후디 그레이,mantoman.jpg,39900,후드맨투맨,,후드맨투맨,2022-04-12 0:35,
231,트윌 아치 로고 후디 네이비,mantoman.jpg,39900,후드맨투맨,,후드맨투맨,2022-04-12 0:35,
232,[22SS] 뉴필드 후드 백오트밀 SMHD4457,mantoman.jpg,39900,후드맨투맨,,후드맨투맨,2022-04-12 0:35,
233,시그니쳐 로고 후드 그레이,mantoman.jpg,39900,후드맨투맨,,후드맨투맨,2022-04-12 0:35,
234,페이스 로고 엠브로이더드 후디 (오렌지),mantoman.jpg,39900,후드맨투맨,,후드맨투맨,2022-04-12 0:35,
235,(2PACK) S700 파워블랜드 풀오버 무지 후드티,mantoman.jpg,39900,후드맨투맨,,후드맨투맨,2022-04-12 0:35,
236,헤비 코튼 오버 럭비 맨투맨 _Midnight Blue,mantoman.jpg,39900,후드맨투맨,,후드맨투맨,2022-04-12 0:35,
237,베츠 어센틱 맨투맨 그레이,mantoman.jpg,39900,후드맨투맨,,후드맨투맨,2022-04-12 0:35,
238,로코 피그먼트 리버시블 헤비 맨투맨 (다크그레이),mantoman.jpg,39900,후드맨투맨,,후드맨투맨,2022-04-12 0:35,
239,부클 쿠퍼 로고 맨투맨 네이비,mantoman.jpg,39900,후드맨투맨,,후드맨투맨,2022-04-12 0:35,
240,스몰 사인 로고 맨투맨 블랙,mantoman.jpg,39900,후드맨투맨,,후드맨투맨,2022-04-12 0:35,
241,스웨트 셔츠 [멜란지 그레이],mantoman.jpg,39900,후드맨투맨,,후드맨투맨,2022-04-12 0:35,
242,C 로고 맨투맨 네이비,mantoman.jpg,39900,후드맨투맨,,후드맨투맨,2022-04-12 0:35,
243,스탠다드 스웨트 셔츠 - 블랙_소매 와펜 ver.,mantoman.jpg,39900,후드맨투맨,,후드맨투맨,2022-04-12 0:35,
244,빅 트위치 루즈핏 크루넥 네이비,mantoman.jpg,39900,후드맨투맨,,후드맨투맨,2022-04-12 0:35,
245,C 로고 맨투맨 그레이,mantoman.jpg,39900,후드맨투맨,,후드맨투맨,2022-04-12 0:35,
246,헤비웨이트 오버사이즈 스웨트셔츠 [블랙],mantoman.jpg,39900,후드맨투맨,,후드맨투맨,2022-04-12 0:35,
247,베츠 어센틱 맨투맨 블랙,mantoman.jpg,39900,후드맨투맨,,후드맨투맨,2022-04-12 0:35,
248,엔젤 와펜 맨투맨 블랙,mantoman.jpg,39900,후드맨투맨,,후드맨투맨,2022-04-12 0:35,
249,럭비 맨투맨 네이비,mantoman.jpg,39900,후드맨투맨,,후드맨투맨,2022-04-12 0:35,
250,스몰 사인 로고 맨투맨 그레이,mantoman.jpg,39900,후드맨투맨,,후드맨투맨,2022-04-12 0:35,
251,엔젤 와펜 맨투맨 그레이,mantoman.jpg,39900,후드맨투맨,,후드맨투맨,2022-04-12 0:35,
252,엔젤 와펜 맨투맨 아이보리,mantoman.jpg,39900,후드맨투맨,,후드맨투맨,2022-04-12 0:35,
253,스탠다드 스웨트 셔츠 - 멜란지 그레이_소매 와펜 ver.,mantoman.jpg,39900,후드맨투맨,,후드맨투맨,2022-04-12 0:35,
254,아치 로고 맨투맨 네이비,mantoman.jpg,39900,후드맨투맨,,후드맨투맨,2022-04-12 0:35,
255,릴랙스 오버사이즈 크루넥 - 베이지 / CM1408,mantoman.jpg,39900,후드맨투맨,,후드맨투맨,2022-04-12 0:35,
256,[처비][미들 테리] 스트링 스웨트셔츠 차콜,mantoman.jpg,39900,후드맨투맨,,후드맨투맨,2022-04-12 0:35,
257,[SET] 베이직 라인 셋업,mantoman.jpg,39900,후드맨투맨,,후드맨투맨,2022-04-12 0:35,
258,드롭숄더 배드베어 맨투맨 네이비,mantoman.jpg,39900,후드맨투맨,,후드맨투맨,2022-04-12 0:35,
259,우먼즈 크롭 베어프렌즈 엠보자수 맨투맨 오트밀(FCB3TS355W),mantoman.jpg,39900,후드맨투맨,,후드맨투맨,2022-04-12 0:35,
260,650g 덤블 오리지널무지 기모 맨투맨 OGMT1921,mantoman.jpg,39900,후드맨투맨,,후드맨투맨,2022-04-12 0:35,
261,플랫 테리 오버사이즈 스트링 스웨트셔츠 [블랙],mantoman.jpg,39900,후드맨투맨,,후드맨투맨,2022-04-12 0:35,
262,오버핏 아치 로고 스웨트 셔츠-네이비,mantoman.jpg,39900,후드맨투맨,,후드맨투맨,2022-04-12 0:35,
263,헤비 코튼 오버 럭비 맨투맨 _Melange Gray,mantoman.jpg,39900,후드맨투맨,,후드맨투맨,2022-04-12 0:35,
264,시그니처 라베르메종 맨투맨 -코발트 블루-,mantoman.jpg,59900,후드맨투맨,,후드맨투맨,2022-04-12 2:30,
265,레이아웃 로고 맨투맨 블랙,mantoman.jpg,59900,후드맨투맨,,후드맨투맨,2022-04-12 2:30,
266,NSW 클럽 맨투맨 5종류,mantoman.jpg,59900,후드맨투맨,,후드맨투맨,2022-04-12 2:30,
267,[S600NA] 더블 드라이 에코 플리스 크루 - 네이비,mantoman.jpg,59900,후드맨투맨,,후드맨투맨,2022-04-12 2:30,
268,S600 파워블랜드 무지 맨투맨 크루넥,mantoman.jpg,59900,후드맨투맨,,후드맨투맨,2022-04-12 2:30,
269,[UNISEX]엘보우 스마일드로잉 클립 맨투맨_블랙,mantoman.jpg,59900,후드맨투맨,,후드맨투맨,2022-04-12 2:30,
270,스몰 사인 로고 맨투맨 네이비,mantoman.jpg,59900,후드맨투맨,,후드맨투맨,2022-04-12 2:30,
271,에센셜 쿨 코튼 2-PACK 티셔츠,tshirts.jpg,59900,티셔츠,,티셔츠탑,2022-04-12 2:30,
272,011502 폴로 피케 반팔티,tshirts.jpg,59900,티셔츠,,티셔츠탑,2022-04-12 2:30,
273,[ONEMILE WEAR] 2PACK SMALL ARCH 티셔츠 2color,tshirts.jpg,59900,티셔츠,,티셔츠탑,2022-04-12 2:30,
274,(22SS) 2 TONE ARCH 티셔츠 WHITE,tshirts.jpg,59900,티셔츠,,티셔츠탑,2022-04-12 2:30,
275,티셔츠 FLOWERMARDI_WHITE GREEN,tshirts.jpg,59900,티셔츠,,티셔츠탑,2022-04-12 2:30,
276, FLOWERMARDI_IVORY NAVY,tshirts.jpg,59900,티셔츠,,티셔츠탑,2022-04-12 2:30,
277,미시간 울버린 피그먼트  반팔티 블랙차콜,tshirts.jpg,59900,티셔츠,,티셔츠탑,2022-04-12 2:30,
278,[패키지] 더블코튼 무지반팔  패키지 KHST1011,tshirts.jpg,59900,티셔츠,,티셔츠탑,2022-04-12 2:30,
279,빅 트위치 로고 티셔츠 화이트,tshirts.jpg,59900,티셔츠,,티셔츠탑,2022-04-12 2:30,
280,포켓반팔티 K87 남여공용 기본티 반팔 모음 (사은품 증정),tshirts.jpg,59900,티셔츠,,티셔츠탑,2022-04-12 2:30,
281,[처비][10수] 볼드 스트라이프 티 네이비,tshirts.jpg,59900,티셔츠,,티셔츠탑,2022-04-12 2:30,
282,슈무 아치로고 반팔 티셔츠 화이트,tshirts.jpg,59900,티셔츠,,티셔츠탑,2022-04-12 2:30,
283,커스텀 슬림핏 메시 폴로 셔츠 - 화이트,tshirts.jpg,59900,티셔츠,,티셔츠탑,2022-04-12 2:30,
284,[깡스타일리스트 PICK] DSN-Logo 티셔츠 White,tshirts.jpg,59900,티셔츠,,티셔츠탑,2022-04-12 2:30,
285,커스텀 슬림핏 메시 폴로 셔츠 - 블랙,tshirts.jpg,59900,티셔츠,,티셔츠탑,2022-04-12 2:30,
286,(22SS) EMBROIDERY UNIVERSITY DAN 티셔츠 WHITE,tshirts.jpg,14900,티셔츠,,티셔츠탑,2022-04-12 21:22,
287,BLACK CAT 티셔츠 [WHITE],tshirts.jpg,14900,티셔츠,,티셔츠탑,2022-04-12 21:22,
288,스티브 반팔 카라 티셔츠 WHHAC2414U,tshirts.jpg,14900,티셔츠,,티셔츠탑,2022-04-12 21:22,
289,[김스테파니헤리 착용] TAG KP 티셔츠 - BLACK,tshirts.jpg,14900,티셔츠,,티셔츠탑,2022-04-12 21:22,
290,(22SS) 2 TONE ARCH 티셔츠 ROYAL BLUE,tshirts.jpg,14900,티셔츠,,티셔츠탑,2022-04-12 21:22,
291,PRDA DENIM PATCH CREWNECK 티셔츠 WHITE,tshirts.jpg,14900,티셔츠,,티셔츠탑,2022-04-12 21:22,
292,액티비티 클럽 피그먼트 반팔티 크림,tshirts.jpg,14900,티셔츠,,티셔츠탑,2022-04-12 21:22,
293,티셔츠 FLOWERMARDI_WHITE VIOLET,tshirts.jpg,14900,티셔츠,,티셔츠탑,2022-04-12 21:22,
294,[핏더사이즈PICK] LIFE IS 티셔츠_SURF RIDE 티셔츠_CHARCOAL,tshirts.jpg,14900,티셔츠,,티셔츠탑,2022-04-12 21:22,
295,2PACK 수피마 코튼 티셔츠,tshirts.jpg,14900,티셔츠,,티셔츠탑,2022-04-12 21:22,
296,쿨코튼 2-PACK 베츠 기본 반팔 티셔츠 블랙/화이트,tshirts.jpg,14900,티셔츠,,티셔츠탑,2022-04-12 21:22,
297,듀스 네로 반팔티 화이트,tshirts.jpg,14900,티셔츠,,티셔츠탑,2022-04-12 21:22,
298,커스텀 슬림 핏 코튼 티셔츠 - 블랙,tshirts.jpg,14900,티셔츠,,티셔츠탑,2022-04-12 21:22,
299,[정호연 착용] 여 J218885 YAF 화이트 스트레이트핏 모노그램 로고 반팔 티셔츠,tshirts.jpg,14900,티셔츠,,티셔츠탑,2022-04-12 21:22,
300,티셔츠 FLOWERMARDI_BLACK CREAM,tshirts.jpg,14900,티셔츠,,티셔츠탑,2022-04-12 21:22,
301,[COOL COTTON] 2PACK SMALL ARCH 티셔츠 WHITE / BLACK,tshirts.jpg,14900,티셔츠,,티셔츠탑,2022-04-12 21:22,
302,릴렉스 핏 크루 넥 반팔 티셔츠 [화이트],tshirts.jpg,14900,티셔츠,,티셔츠탑,2022-04-12 21:22,
303,[패키지] 핀스 오버핏 카라 반팔티 2PACK YHST2354,tshirts.jpg,14900,티셔츠,,티셔츠탑,2022-04-12 21:22,
304,[패키지][CHUBBY]EMBROIDERY 티셔츠 (5COLOR),tshirts.jpg,14900,티셔츠,,티셔츠탑,2022-04-12 21:22,
305,IN LOVE 티셔츠(WHITE),tshirts.jpg,14900,티셔츠,,티셔츠탑,2022-04-12 21:22,
306,베이직 스몰로고 반팔 티셔츠 NY (Black),tshirts.jpg,14900,티셔츠,,티셔츠탑,2022-04-12 21:22,
307,[Mmlg] 19MG HF-T (WHITE),tshirts.jpg,14900,티셔츠,,티셔츠탑,2022-04-12 21:22,
308,[박서준 착용] 남 J320770 YAF 화이트 클래식 모노그램 로고 반팔 티셔츠,tshirts.jpg,14900,티셔츠,,티셔츠탑,2022-04-12 21:22,
309,레이어드 크루 넥 반팔 티셔츠_일반 기장 [화이트],tshirts.jpg,49900,티셔츠,,티셔츠탑,2022-04-12 21:24,
310,EBFD 베츠 반팔 티셔츠 블루,tshirts.jpg,49900,티셔츠,,티셔츠탑,2022-04-12 21:24,
311,VSW Puppy T-Shirts White,tshirts.jpg,49900,티셔츠,,티셔츠탑,2022-04-12 21:24,
312,T-Logo 티셔츠 Black,tshirts.jpg,49900,티셔츠,,티셔츠탑,2022-04-12 21:24,
313,[깡스타일리스트 PICK] Racing 22 티셔츠 White,tshirts.jpg,49900,티셔츠,,티셔츠탑,2022-04-12 21:24,
314,남 블랙 레귤러핏 인스티튜셔널 로고 스트레치 반팔 티셔츠 J321612 BEH,tshirts.jpg,49900,티셔츠,,티셔츠탑,2022-04-12 21:24,
315,MIXED BOUCLE KNIT HALF SLEEVE BLACK,tshirts.jpg,49900,티셔츠,,티셔츠탑,2022-04-12 21:24,
316,V.O.C 티셔츠 (OLYMPIA)_WHITE,tshirts.jpg,49900,티셔츠,,티셔츠탑,2022-04-12 21:24,
317,W CLASSIC LOGO 티셔츠 white,tshirts.jpg,49900,티셔츠,,티셔츠탑,2022-04-12 21:24,
318,[박서준 착용] 남 화이트 레귤러핏 인스티튜셔널 로고 스트레치 반팔 티셔츠 J321612 YAF,tshirts.jpg,49900,티셔츠,,티셔츠탑,2022-04-12 21:24,
319,22S/S 오버핏 피케티셔츠 (블랙),tshirts.jpg,49900,티셔츠,,티셔츠탑,2022-04-12 21:24,
320,빅 트위치 로고 티셔츠 그린,tshirts.jpg,49900,티셔츠,,티셔츠탑,2022-04-12 21:24,
321,라인 서퍼맨 티셔츠 화이트,tshirts.jpg,49900,티셔츠,,티셔츠탑,2022-04-12 21:24,
322,[깡스타일리스트 PICK] C-Logo 티셔츠 White,tshirts.jpg,49900,티셔츠,,티셔츠탑,2022-04-12 21:24,
323,쿨 코튼 2-PACK 티셔츠 화이트,tshirts.jpg,49900,티셔츠,,티셔츠탑,2022-04-12 21:24,
324,럭비 스트라이프 티셔츠 네이비,tshirts.jpg,49900,티셔츠,,티셔츠탑,2022-04-12 21:24,
325,빅 트위치 로고 티셔츠 블랙,tshirts.jpg,49900,티셔츠,,티셔츠탑,2022-04-12 21:24,
326,티셔츠 DDANJI_IVORY,tshirts.jpg,49900,티셔츠,,티셔츠탑,2022-04-12 21:24,
327,N222UPB900 우븐 반팔/반바지 2PACK 세트 CARBON BLACK,tshirts.jpg,49900,티셔츠,,티셔츠탑,2022-04-12 21:24,
328,[패키지] 9TH ANNIVERSARY 3PACK T-SHIRTS EDITION,tshirts.jpg,49900,티셔츠,,티셔츠탑,2022-04-12 21:24,
329,TAG KP 티셔츠 - WHITE,tshirts.jpg,49900,티셔츠,,티셔츠탑,2022-04-12 21:24,
330,[깡스타일리스트 PICK] Racing 22 티셔츠 Black,tshirts.jpg,49900,티셔츠,,티셔츠탑,2022-04-12 21:24,
331,남성 로고 패치 코튼 저지 반팔 티셔츠 - 블루 / 761521957V0020,tshirts.jpg,49900,티셔츠,,티셔츠탑,2022-04-12 21:24,
332,더블 엔젤 와펜 반팔 티셔츠 블랙,tshirts.jpg,49900,티셔츠,,티셔츠탑,2022-04-12 21:24,
333,[2PACK] 유니섹스 365 반팔티 세트,tshirts.jpg,49900,티셔츠,,티셔츠탑,2022-04-12 21:24,
334,[깡스타일리스트 PICK] C-Logo 티셔츠 Black,tshirts.jpg,49900,티셔츠,,티셔츠탑,2022-04-12 21:24,
335,(22SS) UNIVERSITY DAN 티셔츠 WHITE / RED,tshirts.jpg,59900,티셔츠,,티셔츠탑,2022-04-21 16:41,
336,  [쿨탠다드] 피케 폴로 셔츠 [블랙],tshirts.jpg,59900,티셔츠,,티셔츠탑,2022-04-21 17:49,
337,[송필드 PICK][SET] CGP 아치 로고 반팔 크루넥 셋업_멜란지그레이,tshirts.jpg,59900,티셔츠,,티셔츠탑,2022-04-21 18:38,
338,스몰 사인로고 반팔 티셔츠 블랙,tshirts.jpg,59900,티셔츠,,티셔츠탑,2022-04-22 19:17,
339,[패키지] NYC LOCATION T-SHIRT (16COLOR) [LRQMCTA401M],tshirts.jpg,59900,티셔츠,,티셔츠탑,2022-04-12 21:24,
340,릴렉스 핏 크루 넥 반팔 티셔츠 [블랙],tshirts.jpg,59900,티셔츠,,티셔츠탑,2022-04-12 21:24,
341,LMC AEROCOOL S OG 티셔츠 2PACK,tshirts.jpg,59900,티셔츠,,티셔츠탑,2022-04-12 21:24,
342,나폴리 소프트 코튼 폴로 니트 오션 크림,tshirts.jpg,59900,티셔츠,,티셔츠탑,2022-04-12 21:24,
343,카멜 파크 반팔티셔츠(딥그린),tshirts.jpg,14900,티셔츠,,티셔츠탑,2022-04-12 21:24,
344,[깡스타일리스트 PICK] DSN-Logo 티셔츠 Black,tshirts.jpg,14900,티셔츠,,티셔츠탑,2022-04-12 21:24,
345,쿨 케이블 니트 폴로티 네이비,tshirts.jpg,14900,티셔츠,,티셔츠탑,2022-04-12 21:24,
346,T-Logo 티셔츠 White,tshirts.jpg,14900,티셔츠,,티셔츠탑,2022-04-12 21:24,
347,[세트] 반팔티+반바지,tshirts.jpg,14900,티셔츠,,티셔츠탑,2022-04-12 21:24,
348,스트라이프 롱슬리브 블랙,tshirts.jpg,14900,티셔츠,,티셔츠탑,2022-04-12 21:24,
349,(우디) 자수 폴로카라 반팔 티셔츠_SPHWC24C04,tshirts.jpg,14900,티셔츠,,티셔츠탑,2022-04-12 21:24,
350,시그니쳐 로고 티셔츠 화이트,tshirts.jpg,14900,티셔츠,,티셔츠탑,2022-04-12 21:24,
351,프리미엄 실켓 하프 슬리브 티셔츠 - 9 COLOR,tshirts.jpg,14900,티셔츠,,티셔츠탑,2022-04-21 16:41,
352,[박서준 착용] 남 J320770 BEH 블랙 클래식 모노그램 로고 반팔 티셔츠,tshirts.jpg,14900,티셔츠,,티셔츠탑,2022-04-21 17:49,
353,[패키지] 2pack 페인트쿨링 피그먼트 반팔 SMST4431,tshirts.jpg,14900,티셔츠,,티셔츠탑,2022-04-21 18:38,
354,[22SS] [패키지] 루이스 박스 반팔티셔츠 2PACK KJST2411,tshirts.jpg,14900,티셔츠,,티셔츠탑,2022-04-22 19:17,
355,스몰 사인로고 반팔 티셔츠  화이트,tshirts.jpg,14900,티셔츠,,티셔츠탑,2022-04-12 21:24,
356,(22SS) UNIVERSITY DAN 티셔츠 NAVY / RED,tshirts.jpg,14900,티셔츠,,티셔츠탑,2022-04-12 21:24,
357,서핀 백 프린트 티 셔츠_네이비,tshirts.jpg,14900,티셔츠,,티셔츠탑,2022-04-12 21:24,
358,[깡스타일리스트 PICK] 유니섹스 스마일 어스 엠보더리 티셔츠 atb524u(WHITE),tshirts.jpg,14900,티셔츠,,티셔츠탑,2022-04-12 21:24,
359,커스텀 슬림 핏 코튼 티셔츠 - 화이트,tshirts.jpg,14900,티셔츠,,티셔츠탑,2022-04-12 21:24,
360,화란 세미오버 가디건 블랙,cardigan.jpg,59900,가디건,,가디건,2022-04-05 11:20,
361,화란 세미오버 가디건 클라우드 그레이,cardigan.jpg,59900,가디건,,가디건,2022-04-05 11:24,
362,오디너리 크롭 가디건 블랙,cardigan.jpg,59900,가디건,,가디건,2022-04-05 11:24,
363,에어리 카라 하프 니트 가디건 [BLACK],cardigan.jpg,59900,가디건,,가디건,2022-04-05 11:24,
364,미니멀 가디건 [블랙],cardigan.jpg,14900,가디건,,가디건,2022-04-05 11:24,
365,22SS MKC002A Y1014 022 사선 클래식 메리노 울,cardigan.jpg,14900,가디건,,가디건,2022-04-05 11:24,
366,에어리 하프 니트 가디건 [BLACK],cardigan.jpg,14900,가디건,,가디건,2022-04-05 11:24,
367,에어리 하프 니트 가디건 [BLACK],cardigan.jpg,14900,가디건,,가디건,2022-04-05 11:24,
368,오버핏 울 가디건 (그레이),cardigan.jpg,14900,가디건,,가디건,2022-04-05 11:24,
369,에어리 카라 하프 니트 가디건 [GREEN],cardigan.jpg,14900,가디건,,가디건,2022-04-05 11:24,
370,여성 패디드 코튼 가디건 - 블랙 / H10939B000,cardigan.jpg,14900,가디건,,가디건,2022-04-05 11:26,
371,여성 패디드 코튼 가디건 - 나이트 블루 / H10,cardigan.jpg,14900,가디건,,가디건,2022-04-05 11:26,
372,엔젤 와펜 가디건 블랙,cardigan.jpg,14900,가디건,,가디건,2022-04-05 11:26,
373,숏 슬리브 니티드 셔츠 (더스티핑크),cardigan.jpg,14900,가디건,,가디건,2022-04-05 11:26,
374,소프트 베이직 가디건 블랙,cardigan.jpg,14900,가디건,,가디건,2022-04-05 11:26,
375,파로 오버 사이즈 부클 가디건 세이지 그린,cardigan.jpg,14900,가디건,,가디건,2022-04-05 11:26,
376,숏 슬리브 니티드 셔츠 (블랙),cardigan.jpg,14900,가디건,,가디건,2022-04-05 11:26,
377,[김민주 착용] [22SS] 퍼프 반팔 크롭 가디건_,cardigan.jpg,14900,가디건,,가디건,2022-04-05 11:26,
378,엔젤 와펜 가디건 아이보리,cardigan.jpg,14900,가디건,,가디건,2022-04-05 11:26,
379,엔젤 와펜 가디건 그레이,cardigan.jpg,14900,가디건,,가디건,2022-04-05 11:26,
380,숏 슬리브 니티드 셔츠 (베이지),cardigan.jpg,59900,가디건,,가디건,2022-04-05 11:27,
381,오버핏 울 가디건 (블랙),cardigan.jpg,59900,가디건,,가디건,2022-04-05 11:28,
382,GAFF TEX CARDIGAN (BLACK),cardigan.jpg,59900,가디건,,가디건,2022-04-05 11:28,
383,오디너리 크롭 가디건 네이비,cardigan.jpg,59900,가디건,,가디건,2022-04-05 11:28,
384,화란 세미오버 가디건 버터,cardigan.jpg,14900,가디건,,가디건,2022-04-05 11:28,
385,남성 데코티케 가디건 - 다크 블루 / S50GP024,cardigan.jpg,14900,가디건,,가디건,2022-04-05 11:28,
386,헤비오버핏 램스울 가디건 챠콜,cardigan.jpg,14900,가디건,,가디건,2022-04-05 11:28,
387,[22HS] 버튼업 썸머 니트 반팔 가디건_LIGHT P,cardigan.jpg,14900,가디건,,가디건,2022-04-05 11:28,
388,[UNISEX]플라워도트 자수 니트 가디건_크림,cardigan.jpg,14900,가디건,,가디건,2022-04-05 11:28,
389,에어리 하프 니트 가디건 [L.GREY],cardigan.jpg,14900,가디건,,가디건,2022-04-05 11:28,
390,오버핏 크롭 카라 가디건 [블랙],cardigan.jpg,14900,가디건,,가디건,2022-04-05 11:30,
391,미니멀 가디건 [오트밀],cardigan.jpg,14900,가디건,,가디건,2022-04-05 11:31,
392,스티브 케이블 반팔 가디건 WHCKC2528F,cardigan.jpg,14900,가디건,,가디건,2022-04-05 11:31,
393,에센셜 카라 온오프 하프 니트 가디건 (SAGE G,cardigan.jpg,14900,가디건,,가디건,2022-04-05 11:31,
394,[22HS] 크로셰 크롭 가디건_WHITE,cardigan.jpg,14900,가디건,,가디건,2022-04-05 11:31,
395,[UNISEX]플라워도트 자수 니트 가디건_블랙,cardigan.jpg,14900,가디건,,가디건,2022-04-05 11:31,
396,[우먼즈] 케이블니트 코튼 카디건 - 옐로우,cardigan.jpg,14900,가디건,,가디건,2022-04-05 11:31,
397,FINE GUAGE LOGO PATTERN HALF CARDIGAN (NAVY,cardigan.jpg,14900,가디건,,가디건,2022-04-05 11:31,
398,화란 세미오버 가디건 펑키블루,cardigan.jpg,14900,가디건,,가디건,2022-04-05 11:31,
399,부클 크롭 가디건 [블랙],cardigan.jpg,14900,가디건,,가디건,2022-04-05 11:31,
400,라이트 그레이 이중지 티핑 카디건 (BC225AA19,cardigan.jpg,59900,가디건,,가디건,2022-04-05 11:33,
401,AQO BEAR CARDIGAN BLACK,cardigan.jpg,59900,가디건,,가디건,2022-04-05 11:33,
402,메쉬 코튼 칼라 카디건_아이보리,cardigan.jpg,59900,가디건,,가디건,2022-04-05 11:33,
403,부클 크롭 가디건 [크림],cardigan.jpg,59900,가디건,,가디건,2022-04-05 11:33,
