info_idx,product_idx,payment_method,user_id,payment_total,recipient_info,recipient_addr,purchase_product,purchase_quantity,payment_date
1,1,신용카드,1234,49900,jinhui99,서울시 용산구,[NF] 핀턱 아일렛 원피스 (CHARCOAL)_F22QD321,5,2022-04-19 23:16
2,3,신용카드,aaaaaa1234,49900,jinhui99,서울시 용산구,핀턱 셔츠 롱 원피스 레이온블랙 MDOP043RNBLACK,3,2022-04-19 23:29
3,4,무통장입금,ad123,49900,addr,서울시 용산구,[쿨탠다드] 우먼즈 피케 폴로 원피스 [블랙],3,2022-04-19 23:29
4,5,무통장입금,addr,49900,user1,경기도 군포,[쿨탠다드] 우먼즈 피케 폴로 원피스 [네이비],4,2022-04-19 23:44
5,6,신용카드,admin,49900,rtavnerlu,경기도 부천,라이 맥시 롱 원피스 black[블랙],5,2022-04-19 23:48
6,7,신용카드,aed111,49900,ddisbreyfy,서울시 왕십리 ,여성 트위스트 셔츠 원피스 - 에스프레소 / DR254LF588495,3,2022-04-20 23:32
7,8,신용카드,aucomgoogleFintone,39900,pwoodings5p,서울시 동작구 12-2,여성 트위스트 원피스 - 레몬 글레이즈 / W221DR254LF588500,5,2022-04-20 23:33
8,9,무통장입금,aucomgooglePannier,49900,smunbyqj,86 Butterfield Place,여성 트위스트 원피스 - 라일락 아이스 / DR254LF588817,5,2022-04-20 23:44
9,10,무통장입금,aucomgoogleStim,49900,preader4k,843 Del Sol Terrace,베이직 피케카라 원피스_SPOMC24G04,4,2022-04-21 10:36
10,11,무통장입금,aucomsmhFlexidy,49900,fdinseypd,95 Stone Corner Alley,NOI672 부클 니트 원피스 (블랙),4,2022-04-21 10:43
11,12,무통장입금,augovnswBamity,49900,aralton2l,75 Londonderry Crossing,스퀘어넥 슬리브리스 원피스_Purple,5,2022-04-21 10:44
12,13,무통장입금,augovnswZamit,49900,mciottoe5,9582 Lunder Crossing,브러쉬 코르셋 원피스-아이보리,4,2022-04-21 10:45
13,14,무통장입금,augovoaicBigtax,49900,yviciosol4,786 John Wall Point,플레인 써머 원피스 OUOOP002-WT,4,2022-04-21 10:59
14,15,무통장입금,augovoaicRonstring,49900,tmilsap8q,5 Lakewood Point,여성 타이포그래피 루즈핏 기본원피스/FC1WOP01F WHITE,4,2022-04-21 10:59
15,16,신용카드,augovoaicSolarbreeze,49900,wmeltetalmc,40 Duke Pass,하프 슬리브 롱 원피스 ADS201002-BK,5,2022-04-21 10:59
16,17,신용카드,augovprivacyJob,49900,clathanlf,1532 Hintze Alley,하프 슬리브  롱 원피스 ADS201002-MT,4,2022-04-21 10:59
17,18,신용카드,augovprivacyKanlam,49900,pdumpletonob,52 Armistice Road,플레인 써머 원피스 OUOOP002-BK,3,2022-04-21 11:00
18,19,신용카드,augovprivacyRegrant,49900,pgianneschi3s,10 Oneill Parkway,[NF] 핀턱 아일렛 원피스 (CHARCOAL)_F22QD321,4,2022-04-21 11:49
19,20,신용카드,augovprivacyWrapsafe,49900,fcockerton1k,577 Rockefeller Crossing, WOMEN 쿨링 여름 코튼 데일리 미니원피스 [BLACK] 무지 ver.,5,2022-04-21 15:07
20,21,신용카드,augovprivacyZamit,49900,mbeniankj,3012 Sloan Parkway, WOMEN 쿨링 여름 코튼 데일리 미니원피스 [WHITE] 무지 ver.,4,2022-04-21 16:06
21,22,신용카드,aunetabcHome Ing,49900,lfreund51,50538 Susan Trail,네이비 포켓 반팔 니트 원피스 (162471DS1R),3,2022-04-22 19:16
22,23,무통장입금,aunetabcIt,49900,citshakh0,555 Sugar Point, 플레어 슬리브리스 원피스,3,2022-04-24 1:23
23,24,신용카드,beyoutuRank,499000,bspurrbi,4783 Dovetail Alley, 우먼즈 퍼프 슬리브 티셔츠 드레스 [블랙],5,2022-04-24 14:10
24,25,신용카드,brcomgoogleTreeflex,149700,schrestien8h,66 Scott Road, 캡슐로고 민소매 원피스 CS LOGO SLEEVELESS ONE-PIECE,5,2022-04-24 14:17
25,26,신용카드,brcomgoogleVagram,199500,cvaskinan,934 Village Green Lane, 클래식 타이트 서머 드레스 - 블루 / HC2044,3,2022-04-24 14:17
26,27,신용카드,brcomuolAndalax,418600,clabbezqm,6 Delaware Lane, 블루 데님 미니원피스 (352471IP1Q),5,2022-04-24 14:18
27,28,신용카드,brcomuolBamity,319200,chessle4b,83 Brentwood Street, 언발 플레어 스트링 셔츠 원피스 MJ06OP300HJJ,4,2022-04-24 14:21
28,29,신용카드,brcomuolHatity,249500,vcostenad,0420 Crownhardt Place, 아이보리 리넨 플라워 티어드 미니 원피스 (322571FY20),4,2022-04-27 21:39
29,30,신용카드,brcomuolKeylex,49900,arabbas,87904 Marcy Circle, 블랙 슬리브리스 롱 원피스 (322571FY15),4,2022-04-19 23:16
30,31,신용카드,brcomuolOpela,49900,iwratten4y,30 Monterey Terrace, 블루 자수 캉캉 미니 원피스 (162571FY1P),3,2022-04-19 23:29
31,32,무통장입금,cacbcDuobam,49900,mdwire2o,2222 Mifflin Terrace, 블랙 레이스 배색 미니 원피스 (322471DYA5),4,2022-04-19 23:29
32,33,무통장입금,cacbcFixflex,49900,bblinmana5,02 Ronald Regan Hill, 블랙 플리츠 홀터넥 미니 원피스 (322571FY35),4,2022-04-19 23:44
33,34,신용카드,cacbcSonair,49900,ealexsandrovod,92 Hansons Way, 스카이 블루 골지 슬림핏 롱 원피스 (112571AC1Q),4,2022-04-19 23:48
34,35,신용카드,chadminLatlux,49900,bjorgerm7,75 Lakewood Hill, (W) CGC 루즈핏 피케 원피스 네이비,4,2022-04-20 23:32
35,36,신용카드,cn360Domainer,39900,gmichiellx,6341 Meadow Ridge Junction, 블랙 골지 슬림핏 롱 원피스 (112571AC15),4,2022-04-20 23:33
36,37,무통장입금,cncomchinaRank,49900,cgosnoldmk,34309 Meadow Valley Terrace, 클래식 타이트 서머 드레스 - 블랙 / HC2039,4,2022-04-20 23:44
37,38,무통장입금,cncomchinaToughjoyfax,49900,lstaggee7,611 Lake View Court, 빅 카라 트위드 자켓 드레스 (퍼플),5,2022-04-21 10:36
38,39,무통장입금,cncomchinaTreeflex,49900,broganpx,512 Bowman Court, [쿨탠다드] 우먼즈 피케 폴로 원피스 [블루 그레이],5,2022-04-21 10:43
39,40,무통장입금,cncompeopleOtcom,49900,sdranfield42,17 Manitowish Crossing, 빅 카라 솔리드 자켓 드레스 (블랙),4,2022-04-21 10:44
40,41,무통장입금,cncomsinaZoolab,49900,pipsleydj,208 Melvin Drive, 플레어 셔츠 드레스 - 코랄,5,2022-04-21 10:45
41,42,무통장입금,cngoogleBitwolf,49900,tlambief1,71147 Hansons Hill, 카라 피케 원피스 네이비,5,2022-04-21 10:59
42,43,무통장입금,cngoogleHatity,49900,svowell88,4675 Mayfield Lane, 앤디 슬리브리스 보트넥 드레스,5,2022-04-21 10:59
43,44,신용카드,cngoogleKonklux,49900,abatrim4j,40690 Granby Drive, 엘리나 린넨 드레스,4,2022-04-21 10:59
44,45,신용카드,cngoogleLotlux,49900,smcettigenhq,94 Buhler Plaza, 카라 피케 원피스 블랙,4,2022-04-21 10:59
45,46,신용카드,cngovmiibeianRank,49900,amitchelhilll6,467 Stuart Parkway, 네이비 플라워 캉캉 미니 원피스 (322571CY2R),4,2022-04-21 11:00
46,47,신용카드,cngovmiibeianStringtough,49900,lweetchgw,33 Sullivan Circle, [윔블던 에디션] 윔블던 피케 숏 슬리브 폴로 드레스 - 화이트,5,2022-04-19 23:16
47,48,신용카드,cogAerified,49900,jcromleylv,1 Gina Terrace, 프릴 디테일 버튼 원피스-블랙,5,2022-04-19 23:29
48,49,신용카드,cogDuobam,49900,cschubberthz,47 Larry Place, 베이직 피케카라 원피스_SPOMC24G04,4,2022-04-19 23:29
49,50,신용카드,cogKonklab,49900,bkincadeds,27 Northland Parkway, 프릴 디테일 버튼 원피스-그레이,5,2022-04-19 23:44
50,51,무통장입금,com163SubEx,49900,ekieransen,466 Bartillon Lane, 카라 소매 볼륨 원피스_스카이블루,4,2022-04-19 23:48
51,52,신용카드,com1688Andalax,499000,mwindramoi,90634 Donald Drive, 카라 소매 볼륨 원피스_네이비,4,2022-04-20 23:32
52,54,신용카드,com1688Keylex,149700,lmaskewe8,177 Lunder Pass, 린넨 이지 롱 원피스,4,2022-04-20 23:33
53,55,신용카드,com1688Opela,199500,hknibleymu,11308 Sutherland Pass, 스퀘어 슬리브리스 원피스 [BEIGE] / S22A04020,4,2022-04-20 23:44
54,56,신용카드,com4sharedAndalax,418600,macremanfr,15978 Westport Circle,스퀘어 슬리브리스 원피스 [BLACK] / S22A04020,5,2022-04-21 10:36
55,57,신용카드,com4sharedKanlam,319200,afearnsideh,581 Kropf Park,[유아인 착용 상품] 릴렉스드 베이식 블레이저 [블랙],4,2022-04-21 10:43
56,58,신용카드,com4sharedPannier,249500,slynthal6d,2 Bonner Junction,린넨 라이크 셋업 수트 오트밀,4,2022-04-21 10:44
57,59,신용카드,com4sharedYfind,49900,pduffynn0,463 Glacier Hill Court,오버사이즈 블레이저 [블랙],3,2022-04-21 10:45
58,60,신용카드,com4sharedZamit,49900,abriscam8f,034 Dahle Plaza,베이식 블레이저 [블랙],4,2022-04-21 10:59
59,61,무통장입금,comaboutHoldlamis,49900,cbastonepi,736 Talmadge Trail,린넨 라이크 셋업 수트 블랙,4,2022-04-21 10:59
60,62,무통장입금,comaboutNamfix,49900,ohamlen5j,2291 Evergreen Point,라이트웨이트 베이식 블레이저 [블랙],5,2022-04-21 10:59
61,63,신용카드,comaboutTreeflex,49900,mlippingwellp3,605 Mallory Trail,쿨 린넨 오버사이즈 셋업 블레이저 [BLACK],3,2022-04-21 10:59
62,75,신용카드,comaccuweatherAlpha,49900,eredingtonpn,5 Petterle Circle,[SET] 22SS 쿨맥스 위버쿨 자켓 & 쿨맥스 테이퍼드핏  슬랙스,3,2022-04-21 11:00
63,76,신용카드,comaccuweatherRank,39900,cwallicen8,6363 Forest Dale Lane,[유아인 착용 상품] 대디 숄더 오버사이즈 블레이저 [블랙],3,2022-04-21 11:49
64,77,무통장입금,comacquirethisnameFix San,49900,sextillk,852 Cordelia Avenue,사이드픽스 슈팅 수트셋업 네이비,5,2022-04-21 15:07
65,78,무통장입금,comacquirethisnameKonklab,49900,paucourte4m,856 Hoard Court,린넨 쓰리피스 셋업_블랙,4,2022-04-21 16:06
66,79,무통장입금,comacquirethisnameRegrant,49900,bmacalpyne7y,35 Rutledge Terrace,M1745 여름용 린넨 셋업 (베이지),3,2022-04-22 19:16
67,80,무통장입금,comaddtoanyVoyatouch,49900,ohaisellj2,9 Derek Alley,오버사이즈 블레이저 [미디엄 그레이],3,2022-04-24 1:23
68,81,무통장입금,comadobeGreenlam,49900,temblingjf,9475 Westerfield Park,[SET] 22SS 쿨맥스 위버쿨 자켓 & 쿨맥스 세미와이드핏 슬랙스,2,2022-04-24 14:10
69,82,무통장입금,comadobeOverhold,49900,mbayfordk5,4416 Manitowish Center,네이처 싱글 셋업 수트 베이지,5,2022-04-24 14:17
70,83,무통장입금,comadobeVagram,49900,dbenion7l,39 Troy Street,우먼즈 오버사이즈 블레이저 [블랙],3,2022-04-24 14:17
71,84,신용카드,comalexaFix San,49900,lbeaverslq,7 Nancy Junction,[쿨탠다드] 릴렉스드 베이식 블레이저 [블랙],4,2022-04-24 14:18
72,85,신용카드,comalexaVoltsillam,49900,sdimitrov2m,35 Dixon Park,린넨 쓰리피스 셋업_베이지,3,2022-04-24 14:21
73,86,신용카드,comalibabaAerified,49900,hmccreedyjm,6 Division Park,[SET]아일리쉬 린넨 세미 오버핏 싱글 자켓 벨트팬츠 셋업_Linen,4,2022-04-27 21:39
74,87,신용카드,comalibabaStringtough,49900,kbreesee6,58364 Eastwood Pass,라이트웨이트 릴렉스드 베이식 블레이저 [블랙],2,2022-04-19 23:16
75,88,신용카드,comalibabaVoyatouch,49900,smenhciol,6 Grim Parkway,SL01 시밀러 린넨 데님 와이드 팬츠 (RAW INDIGO),3,2022-04-19 23:29
76,89,신용카드,comamazonawsFix San,49900,gmourgue3,342 Tennessee Center,와이드 데님 팬츠 (BLEACH),2,2022-04-19 23:29
77,90,신용카드,comamazonawsSonair,49900,awartonby6q,8988 Orin Hill,TC2-PT02 인디고 스트링 팬츠,3,2022-04-19 23:44
78,91,무통장입금,comamazonawsTresom,49900,dburnelp0,9009 Lyons Parkway,와이드 크링클 데님 팬츠 (인디고),4,2022-04-19 23:48
79,92,신용카드,comamazonawsWrapsafe,499000,dcathro9i,03 Grayhawk Center,브루클린 뉴트로 와이드 워시드 데님 팬츠,3,2022-04-20 23:32
80,93,신용카드,comamazonCookley,149700,hlowersonji,1603 Brickson Park Alley,모어 와이드 데님 팬츠 (RAW INDIGO),5,2022-04-20 23:33
81,94,신용카드,comamazonMatsoft,199500,amowsdaleqi,7 Morrow Avenue,와이드 데님 팬츠 (R INDIGO),3,2022-04-20 23:44
82,95,신용카드,comamazonNamfix,418600,rjackwayskq,97 Acker Lane,시티보이 투 턱 와이드 데님팬츠 딥블루,5,2022-04-21 10:36
83,96,신용카드,comamazonTempsoft,319200,kraittiek4,7267 Ryan Junction,아수라 데님 스웻 팬츠_연청,4,2022-04-21 10:43
84,97,신용카드,comamazonYSolowarm,249500,ganthona6m,69696 Superior Road,와이드 린넨 데님팬츠_인디고,2,2022-04-21 10:44
85,98,신용카드,comangelfireKeylex,49900,ddomone9g,1520 David Road,SL02 시밀러 린넨 데님 원턱 팬츠 (RAW INDIGO),4,2022-04-21 10:45
86,99,신용카드,comangelfireRedhold,49900,bgotthardep,0266 Arapahoe Hill,깡 스타일리스트 x 플랙 스티즈 K48 딥 워시드,5,2022-04-21 10:59
87,100,무통장입금,comangelfireTemp,49900,kover8g,2321 Delaware Plaza,1,5,2022-04-21 10:59
88,101,무통장입금,comangelfireZamit,49900,dloomis5d,60 Lien Lane,LIGHT BLUE SEMI WIDE(세미와이드핏),4,2022-04-21 10:59
89,102,신용카드,comaolGreenlam,49900,sfrankel1l,590 Bunker Hill Avenue,생지 와이드 핏 팬츠_INDIGO,5,2022-04-21 10:59
90,103,신용카드,comaolRedhold,49900,mdicarliiv,5933 Anthes Drive,디스트로이드 스트레이트 롱 와이드 데님_blue,4,2022-04-21 11:00
91,104,신용카드,comappleDomainer,39900,cfurmongerfz,1835 Chive Trail,밴딩 데님 팬츠 DP L902,4,2022-04-19 23:16
92,105,무통장입금,comappleViva,49900,gharkusr8,5 Petterle Terrace,릴렉스드 와이드 생지 데님 팬츠,2,2022-04-19 23:29
93,106,무통장입금,comarstechnicaLatlux,49900,mcrakeae,74678 Sunbrook Lane,[데일리지] 쿨 와이드 진_SPTJC25C51,3,2022-04-19 23:29
94,107,무통장입금,comarstechnicaMatsoft,49900,vdeferraris53,1572 Mariners Cove Way,써머  세미 와이드 린넨 데님 밴딩 팬츠  - 데님,5,2022-04-19 23:44
95,108,무통장입금,comarstechnicaRedhold,49900,ajellemanhi,1 Vahlen Road,[썸머ver.]트위스트 커브드 와이드 밴딩 데님 팬츠_Indigo,3,2022-04-19 23:48
96,109,무통장입금,comarstechnicaSubEx,49900,bduley5a,856 Graceland Alley,스티치 카펜터 팬츠 - 블루,3,2022-04-20 23:32
97,110,무통장입금,comartisteerSubEx,49900,gwoffendenpz,48 Vernon Lane,Damage 513 크리스 디스 롱와이드 데님팬츠 damage blue,4,2022-04-20 23:33
98,111,무통장입금,combaiduKonklab,49900,lpillans67,1 Stephen Court,[데일리지] 쿨 와이드 진_SPTJC25G51,5,2022-04-20 23:44
99,112,신용카드,combaiduNamfix,49900,oculloteyo5,218 Village Way,벌룬핏 데님 와이드 팬츠 (R.INDIGO),4,2022-04-21 10:36
100,113,신용카드,combaiduSonsing,49900,mgroutpj,1324 Montana Pass,[린넨데님]COCL 내추럴 와이드 린넨 데님 쇼츠 인디고블루 COOSPT195I.BLUE,3,2022-04-21 10:43
101,114,신용카드,combaiduVoltsillam,49900,kchallinpm,51241 John Wall Center,W 카버 7801 하이웨이스트 세미와이드핏 다크인디고 데님팬츠,3,2022-04-21 10:44
102,115,신용카드,combaiduZaamDox,49900,cobrayg3,25799 Kropf Street,유니섹스 벨티드 버뮤다 데님 팬츠 - 블루,3,2022-04-21 10:45
103,116,신용카드,combandcampBitwolf,49900,tcraytonrr,52520 Fremont Circle,M2099 원턱 와이드 워시드 데님 팬츠,5,2022-04-21 10:59
104,117,신용카드,combandcampCardify,49900,rconradsenjb,93019 Park Meadow Center,V153 라이트웨이트 인디고 데님 팬츠,4,2022-04-21 10:59
105,118,신용카드,combandcampMatsoft,49900,aalbutt99,487 Chinook Junction,벨티드 하프 리넨 데님_다크블루,4,2022-04-21 10:59
106,119,무통장입금,combarnesandnobleLotlux,49900,aortes5n,3 Blaine Court,테이퍼드핏 데님 팬츠 DP T908,4,2022-04-21 10:59
107,120,신용카드,combarnesandnobleSolarbreeze,499000,svassayjz,00622 Northview Circle,스탠다드 진 라이트 블루,5,2022-04-21 11:00
108,121,신용카드,combarnesandnobleTreeflex,149700,flarrad6w,655 Scott Plaza,TC1-DN2104 와이드 오가닉 데님,4,2022-04-21 11:49
109,122,신용카드,combarnesandnobleTresom,199500,gtreadawayda,91466 Kedzie Trail,라인 워싱 와이드 데님 팬츠 [블루],5,2022-04-21 15:07
110,123,신용카드,combingFlexidy,418600,badamovitchdp,52 Aberg Plaza,와이드 카고 하프 데님 팬츠 (인디고),3,2022-04-21 16:06
111,124,신용카드,combizjournalsFlexidy,319200,mjosephsenm3,51790 Kensington Street,와이드 카고 데님 팬츠 (인디고),3,2022-04-22 19:16
112,125,신용카드,combizjournalsJob,249500,hfarmeryou,29935 Becker Alley,루즈테이퍼드 데님 팬츠 Dark Used,4,2022-04-24 1:23
113,126,신용카드,combizjournalsKeylex,49900,hjadczakqk,25339 Homewood Terrace,618 생지데님 (이염방지 원단 제작),3,2022-04-24 14:10
114,127,신용카드,comblinklistKanlam,49900,tfrogleyix,7471 Pankratz Trail,BLACK SEMI WIDE(세미 와이드핏),3,2022-04-24 14:17
115,128,무통장입금,comblinklistVoyatouch,49900,cliddalla1,7 Crest Line Lane,마리오 와이드 데님 부츠컷,2,2022-04-24 14:17
116,129,무통장입금,comblogDomainer,49900,dstrongqg,8 Schmedeman Drive,아수라 딥턱 스웻 팬츠_챠콜&블랙,5,2022-04-24 14:18
117,130,신용카드,comblogFix San,49900,asturgebn,21120 Iowa Avenue,블랙스노우 와이드 데님 팬츠,4,2022-04-24 14:21
118,131,신용카드,combloggerBitchip,49900,bniemetzez,08596 Pearson Point,원턱 데님 팬츠[Middle Blue],5,2022-04-27 21:39
119,132,신용카드,combloggerLatlux,39900,mderislydn,14 Birchwood Place,원 턱 와이드 데님 팬츠 (인디고),3,2022-04-19 23:16
120,133,무통장입금,combloggerRank,49900,twandrachg2,65811 Lakeland Way,원 턱 와이드 진 블루,5,2022-04-19 23:29
121,134,무통장입금,combloggerRonstring,49900,skaspar8i,93 Washington Alley,[22SS clove] Pleated 스커트 (Navy),5,2022-04-19 23:29
122,135,무통장입금,combloggerTin,49900,agrimoldbyax,08708 Hallows Park,Peekaboo Lowrise Skort Gray Pin Stripe 스커트,3,2022-04-19 23:44
123,136,무통장입금,combloggerYfind,49900,atuffq8,91444 Scott Street,[정호연 착용] 우먼즈 데님 미니 스커트 [워시드 블랙],3,2022-04-19 23:48
124,137,무통장입금,combloggerYSolowarm,49900,epapisia,86611 Moland Drive,스윙 플리츠 스커트,4,2022-04-20 23:32
125,138,무통장입금,combloglinesKonklux,49900,tmacgarveyr6,29 Killdeer Crossing,High-Waist H Line Skirt_Navy,4,2022-04-20 23:33
126,139,무통장입금,combloglinesSolarbreeze,49900,jmeasen3m,6224 Old Shore Hill,Peekaboo Lowrise Skort Black Pin Stripe,2,2022-04-20 23:44
127,140,신용카드,combloglinesStim,49900,fbagottdf,2 Garrison Street,[NF] 데님 플리츠 벨트 스커트 (BLK)_F21QC023,5,2022-04-21 10:36
128,141,신용카드,combloglovinBytecard,49900,tdorreo,53 Eliot Drive,볼드 플리츠 숏 스커트 브라운,5,2022-04-21 10:43
129,142,신용카드,combloglovinKanlam,49900,ssimondson4s,066 Farwell Crossing,여성 플리츠 스커트 (DN12WFSK32),3,2022-04-21 10:44
130,143,신용카드,combloglovinRonstring,49900,hglassonew,73718 Heffernan Crossing,스윙 플리츠 숏 스커트 오렌지,4,2022-04-21 10:45
131,144,신용카드,comblogsBitchip,49900,lvautierbr,99221 Rigney Drive,서머 포켓 스커트 네이비,4,2022-04-21 10:59
132,145,신용카드,comblogsKeylex,49900,gtilzeygg,3 Muir Center,[22SS clove] Pleated 블루 스커트,5,2022-04-21 10:59
133,146,신용카드,comblogsMatsoft,49900,gdymickg6,31 Heath Crossing,CLGR Banding Flare 스커트,3,2022-04-21 10:59
134,147,무통장입금,comblogspotAndalax,49900,awhittet6f,803 Spohn Court,우먼즈 데님 미니 스커트 [라이트 인디고],2,2022-04-21 10:59
135,148,신용카드,comblogspotTresom,499000,fknowlysiq,219 Morningstar Park,컬러블록 플리츠 스커트_레드,3,2022-04-21 11:00
136,149,신용카드,comblogspotZoolab,149700,smushart63,21040 New Castle Road,[윔블던 에디션] 폴리 스트레치 스커트 - 화이트,4,2022-04-19 23:16
137,150,신용카드,comblogsStim,199500,dhawkesly,95246 Merchant Trail,키르시 로우 웨이스트 플리츠 스커트 [베이지],3,2022-04-19 23:29
138,151,신용카드,comblogsTampflex,418600,ehumeat,6 Lillian Terrace,메쉬 플라워 스커트 (White),4,2022-04-19 23:29
139,152,신용카드,comblogsTrippledex,319200,ldiblingdm,3 Cottonwood Parkway,스트라이프 플리츠 니트 스커트 네이비,3,2022-04-19 23:44
140,153,신용카드,comblogtalkradioVoltsillam,249500,lburbudgef5,767 Mcguire Drive,여성 테니스 미드 플리츠 스커트 JF007E-52G 001,4,2022-04-19 23:48
141,154,신용카드,combloombergZamit,49900,mlinnockbt,37350 Di Loreto Circle,시티보이 빅오버 옥스포드 셔츠_Royal Blue,3,2022-04-20 23:32
142,155,신용카드,combluehostOpela,49900,emarchington30,8 Mallory Drive,시티보이 빅오버 옥스포드 반팔 셔츠_Sky Blue,3,2022-04-20 23:33
143,156,무통장입금,combookingAlphazap,49900,tspreyd6,3 Pine View Way,코튼 블렌드 하프 셔츠 : 7컬러,5,2022-04-20 23:44
144,157,무통장입금,combookingBamity,49900,ewilliscroft4,33 Shasta Way,[세트][선택] 스톤 워싱 데님 셋업 블루,4,2022-04-21 10:36
145,158,신용카드,combookingDuobam,49900,lcoakleymy,2 Dovetail Crossing,시티보이 빅오버 옥스포드 셔츠_Neutral Gray,3,2022-04-21 10:43
146,159,신용카드,combookingRank,49900,rbiancoci,04151 Upham Alley,[WHITE COLLECTION] 커스텀핏 클래식 옥스포드 셔츠  - 화이트,5,2022-04-21 10:44
147,160,신용카드,combookingSonair,39900,cbelhomemo,7 Dayton Avenue,시티보이 빅오버 옥스포드 셔츠_Off White,5,2022-04-21 10:45
148,161,무통장입금,combookingZaamDox,49900,ggrigoribo,11 Cody Alley,오버핏 옥스포드 셔츠_SPYWC12C02,4,2022-04-21 10:59
149,162,무통장입금,combostonKonklab,49900,pbenitti8y,041 2nd Crossing,시티보이 빅오버 옥스포드 반팔 셔츠_White,1,2022-04-21 10:59
150,163,무통장입금,combostonStim,49900,kcampkin8x,2 Jenifer Avenue,빅 하프 셔츠 (피스타치오),3,2022-04-21 10:59
151,164,무통장입금,combusinessinsiderAsoka,49900,jeden2v,31 Sommers Road,커스텀 핏 리넨 셔츠 - 화이트,3,2022-04-21 10:59
152,165,무통장입금,combusinessinsiderToughjoyfax,49900,wmeiklamfs,94857 Redwing Center,시티보이 빅오버 린넨 반팔 셔츠_Midnight Blue,2,2022-04-21 11:00
153,166,무통장입금,combusinessinsiderYSolowarm,49900,rlorenmz,09 Eastwood Junction,시티보이 빅오버 옥스포드 반팔 셔츠_Ash Gray,5,2022-04-21 11:49
154,167,무통장입금,combusinessweekCookley,49900,slake7d,783 Sundown Trail,솔리드 옥스포드 오버셔츠(스카이블루),5,2022-04-21 15:07
155,168,신용카드,combusinessweekDuobam,49900,mlidgertonfx,66698 Village Green Pass,롱슬리브 포플린 셔츠 - 화이트,4,2022-04-21 16:06
156,169,신용카드,combuzzfeedFlowdesk,49900,smish8p,4 Grasskamp Hill,루즈핏 오픈카라 텐셀 린넨 셔츠 [네이비],4,2022-04-22 19:16
157,170,신용카드,combuzzfeedHatity,49900,meaglandn1,04381 7th Alley,[정해인 착용] [COMMON]린넨혼방셔츠 MWWS3120,4,2022-04-24 1:23
158,171,신용카드,combuzzfeedHome Ing,49900,lgelletlylg,53320 Springview Junction,텐셀 리넨 롱 슬리브 셔츠_코발트블루,5,2022-04-24 14:10
159,172,신용카드,combuzzfeedSubin,49900,mmineargf,7013 Summit Avenue,오피서 하프 셔츠 (틸 그린),3,2022-04-24 14:17
160,173,신용카드,combuzzfeedTresZap,49900,twallacepy,7479 Elka Junction,린넨 히든 미니멀 셔츠 [SKY BLUE],4,2022-04-24 14:17
161,174,신용카드,combuzzfeedZontrax,49900,mtaborreb3,9084 Johnson Terrace,사인 로고 후드 블랙,4,2022-04-24 14:18
162,175,무통장입금,comcanalblogGreenlam,49900,amolohanbh,2 La Follette Alley,사인 로고 후드 그레이,3,2022-04-24 14:21
163,176,신용카드,comcargocollectiveGreenlam,499000,lcopesjp,170 Warbler Circle,로그 오버핏 기모 후드 그레이 YHHD2302,4,2022-04-27 21:39
164,177,신용카드,comcargocollectiveStim,149700,tscobiear,15397 Village Avenue,엔젤 와펜 후드 그레이,4,2022-04-19 23:16
165,178,신용카드,comcbslocalCardify,199500,ajewett7j,6364 Pleasure Road,제이윈 덤블 기모후드 그레이(KHHD0748),3,2022-04-19 23:29
166,179,신용카드,comcbslocalPannier,418600,lescotdl,0600 Lakewood Drive,[패키지]제이윈 덤블 기모후드 패키지(KHHD0748),3,2022-04-19 23:29
167,180,신용카드,comcbsnewsLotlux,319200,apitkethly6b,7951 Maywood Pass,빅 트위치 루즈핏 후디 네이비,3,2022-04-19 23:44
168,181,신용카드,comcbsnewsSubin,249500,dgietznb,9 Stang Hill,[22SS] 뉴필드 후드 남색 SMHD4457,5,2022-04-19 23:48
169,182,신용카드,comcdbabyLatlux,49900,bpeachak,134 Summer Ridge Center,스탠다드 후드 스웨트 셔츠 - 멜란지 그레이,5,2022-04-20 23:32
170,183,무통장입금,comcdbabyOverhold,49900,vvanacci96,1763 Glendale Court,어센틱 로고 후디 멜란지 그레이,5,2022-04-20 23:33
171,184,무통장입금,comchicagotribuneStringtough,49900,ldabney20,428 Anhalt Hill,[피로pick] TAG KEEP HOODIE - BLACK,4,2022-04-20 23:44
172,185,신용카드,comchicagotribuneTrippledex,49900,blilloegh,1920 Schlimgen Parkway,엔젤 와펜 후드 블랙,3,2022-04-21 10:36
173,186,신용카드,comchronGreenlam,49900,oneaveox,6687 Jackson Avenue,미시간 울버린 피그먼트 후드티 블랙 차콜,5,2022-04-21 10:43
174,187,신용카드,comchronoengineCookley,49900,fhendrikse71,26 Prairie Rose Point,[패키지]제이 양기모후드 패키지(HJHD2050),4,2022-04-21 10:44
175,188,무통장입금,comciscoHoldlamis,39900,vhawe65,0 Old Gate Alley,950g 오리지널무지 기모후드 OGHD1931,2,2022-04-21 10:45
176,189,무통장입금,comciscoKeylex,49900,vbraunrothc6,8 Bellgrove Terrace,ODSD 로고 아플리케 후드 - 8COLOR,3,2022-04-21 10:59
177,190,무통장입금,comcloudflareGembucket,49900,agidney9a,4 Barby Road,2 TONE ARCH HOODIE NAVY,3,2022-04-21 10:59
178,191,무통장입금,comcloudflareLatlux,49900,asherrington37,4906 Myrtle Center,스몰 사인 로고 후드 그레이,5,2022-04-21 10:59
179,192,무통장입금,comcloudflareToughjoyfax,49900,eklauberei,42 Eastwood Crossing,스몰 트위치 오버핏 후디 그레이,2,2022-04-21 10:59
180,193,무통장입금,comcloudflareZathin,49900,tbench8n,36853 Morrow Pass,빅 트위치 루즈핏 후디 그레이,5,2022-04-21 11:00
181,194,무통장입금,comcnbcVeribet,49900,sskrinesrc,63 Onsgard Street,후디드 스웨트셔츠 [멜란지 그레이],1,2022-04-19 23:16
182,195,신용카드,comcnetYfind,49900,cburbidge3u,7 Eagle Crest Plaza,잇 저스트 마이 후디[블랙],5,2022-04-19 23:29
183,196,신용카드,comcnetZoolab,49900,rduprey1h,0 Old Gate Terrace,후디드 스웨트셔츠 [블랙],4,2022-04-19 23:29
184,197,신용카드,comcnnTin,49900,bjagielajn,3 Magdeline Pass,에센셜 후드 스웻 셔츠 (BLACK),2,2022-04-19 23:44
185,198,신용카드,comcnnTrippledex,49900,ethresh1i,2 Kennedy Road,S700 파워블랜드 풀오버 무지 후드티,3,2022-04-19 23:48
186,199,신용카드,comcnnZontrax,49900,atolossid2,94 Moulton Point,[패키지] 로그 오버핏 기모 후드 7종 2Pack YHHD2302,4,2022-04-20 23:32
187,200,신용카드,comcocologniftyToughjoyfax,49900,mclaypoled1,64 American Plaza,로그 오버핏 기모 후드 블랙 YHHD2302,3,2022-04-20 23:33
188,201,신용카드,comcomBamity,49900,nraggitt3a,203 North Hill,해비 코튼 썸홀 후디 : 12color,4,2022-04-20 23:44
189,202,무통장입금,comcomFintone,49900,cnatte87,61510 Montana Junction,[S700BK] 더블 드라이 에코 플리스 풀업후드-블랙,4,2022-04-21 10:36
190,203,신용카드,comcomOtcom,49900,mdevaanq4,054 Oriole Court,사인 로고 후드 네이비,4,2022-04-21 10:43
191,204,신용카드,comcomsenzFintone,499000,mwindas4a,44 Pearson Place,스몰 사인 로고 후드 블랙,3,2022-04-21 10:44
192,205,신용카드,comcomsenzToughjoyfax,149700,lcolleckk0,888 Pond Terrace,헤비웨이트 오버사이즈 후디드 스웨트셔츠 [미디엄 그레이],3,2022-04-21 10:45
193,206,신용카드,comconstantcontactStronghold,199500,aburgillhj,4202 Mayfield Hill,레터링 타투 후드 기모 블랙,5,2022-04-21 10:59
194,207,신용카드,comcsmonitorTrippledex,418600,bdengelkz,177 Lerdahl Road,빅 트위치 루즈핏 후디 블랙,3,2022-04-21 10:59
195,208,신용카드,comcyberchimpsRegrant,319200,lnaullsem,0224 Stang Circle,베이직 기모 후드티 그레이,5,2022-04-21 10:59
196,209,신용카드,comdagondesignHome Ing,249500,tfransewich3h,4335 Ronald Regan Place,헤비웨이트 오버사이즈 후디드 스웨트셔츠 [블랙],4,2022-04-21 10:59
197,210,신용카드,comdagondesignVeribet,49900,hmaddamsdo,39 Lotheville Trail,푸마 X 아미 후드 티셔츠 - 라이트 그레이 / 534069-04,5,2022-04-21 11:00
198,211,무통장입금,comdailymotionTresom,49900,jtuftm1,096 Grasskamp Pass,베츠 어센틱 후드 그레이,4,2022-04-21 11:49
199,212,무통장입금,comdedecmsPannier,49900,efolkespf,17 Derek Street,아크 로고 후디 (네이비),5,2022-04-21 15:07
200,213,신용카드,comdeliciousdaysSolarbreeze,49900,dcawleyq0,53806 Harper Way,어센틱 로고 후디 블랙,3,2022-04-21 16:06
201,214,신용카드,comdeliciousdaysSubin,49900,gluckiecs,39013 Golf Trail,스탠다드 후드 스웨트 셔츠 - 블랙_소매 와펜 ver.,2,2022-04-22 19:16
202,215,신용카드,comdeliciousPannier,49900,jwoodroughet,638 Vidon Alley,어센틱 로고 후디 네이비,5,2022-04-24 1:23
203,216,무통장입금,comdeliciousVoltsillam,39900,sloggieme,409 Almo Pass,C 로고 후디 네이비,4,2022-04-24 14:10
204,217,무통장입금,comdevhubStringtough,49900,dferrieriml,53 Hayes Plaza,슈무 후디 - 블랙 / GD3544,3,2022-04-24 14:17
205,218,무통장입금,comdiggZaamDox,49900,jswaden81,4 Rutledge Terrace,[SET] 헤비웨이트 CGP 아치 로고 트레이닝 셋업_멜란지그레이,4,2022-04-24 14:17
206,219,무통장입금,comdiigoToughjoyfax,49900,jyakunins,20118 Kingsford Center,슬레이크 후드 네이비 HHHD3397,1,2022-04-24 14:18
207,220,무통장입금,comdiigoZamit,49900,dgresso0,1 Larry Pass,로고&스마일리 후디 화이트(IK2CSMM400A),4,2022-04-24 14:21
208,221,무통장입금,comdiigoZathin,49900,lferrickdr,4 Menomonie Junction,[기모] Geppetto 자수 후드 크림,4,2022-04-27 21:39
209,222,무통장입금,comdiscoveryCookley,49900,gbaslerqp,0 Prentice Road,C 로고 후디 블랙,2,2022-04-19 23:16
210,223,신용카드,comdisqusStronghold,49900,cgelderbk,7 Fairview Drive,스몰 트위치 오버핏 후디 블랙,5,2022-04-19 23:29
211,224,신용카드,comdisqusTrippledex,49900,emarshmancl,81011 Harper Point,[22SS] 뉴필드 후드 회색 SMHD4457,5,2022-04-19 23:29
212,225,신용카드,comdisqusVentosanzap,49900,wairlie1s,5 Fulton Drive,아크 로고 후디 (그레이),4,2022-04-19 23:44
213,226,신용카드,comdisqusZathin,49900,bwhodcoatfg,88431 6th Park,사인 로고 후드 아이보리,4,2022-04-19 23:48
214,227,신용카드,comdomainmarketHatity,49900,bpleveyig,55 Union Court,빅 트위치 루즈핏 후디 아이보리,5,2022-04-20 23:32
215,228,신용카드,comdropboxJob,49900,acripsjv,678 Chinook Crossing,잇 저스트 마이 후디[그레이],5,2022-04-20 23:33
216,229,신용카드,comdropboxLatlux,49900,bmariongb,2 Scofield Avenue,에센셜 후드 스웻 셔츠 (CHARCOAL),5,2022-04-20 23:44
217,230,무통장입금,comdropboxSonair,49900,jkoppsms,3 Northland Crossing,C 로고 후디 그레이,5,2022-04-21 10:36
218,231,신용카드,comebayHatity,49900,bbiddles9j,4 Annamark Parkway,트윌 아치 로고 후디 네이비,3,2022-04-21 10:43
219,232,신용카드,comebayOverhold,499000,hgrishinov82,658 Dakota Trail,[22SS] 뉴필드 후드 백오트밀 SMHD4457,4,2022-04-21 10:44
220,233,신용카드,comeconomistCookley,149700,zhamperd5,1 Granby Street,시그니쳐 로고 후드 그레이,5,2022-04-21 10:45
221,234,신용카드,comeconomistVoltsillam,199500,aspeechley1b,3214 Randy Center,페이스 로고 엠브로이더드 후디 (오렌지),5,2022-04-21 10:59
222,235,신용카드,comeepurlCardify,418600,rmccallam4u,786 Straubel Lane,(2PACK) S700 파워블랜드 풀오버 무지 후드티,3,2022-04-21 10:59
223,236,신용카드,comeepurlNamfix,319200,tsymingtonil,87946 Spaight Pass,헤비 코튼 오버 럭비 맨투맨 _Midnight Blue,4,2022-04-21 10:59
224,237,신용카드,comehowStronghold,249500,flidierthba,0 Artisan Alley,베츠 어센틱 맨투맨 그레이,4,2022-04-21 10:59
225,238,신용카드,comehowYfind,49900,kjelfdv,14863 Dakota Lane,로코 피그먼트 리버시블 헤비 맨투맨 (다크그레이),2,2022-04-21 11:00
226,239,무통장입금,comelegantthemesTemp,49900,orock8j,019 Morning Center,부클 쿠퍼 로고 맨투맨 네이비,4,2022-04-19 23:16
227,240,무통장입금,comelegantthemesYfind,49900,apaddlekb,07 Division Court,스몰 사인 로고 맨투맨 블랙,5,2022-04-19 23:29
228,241,신용카드,comelpaisAlphazap,49900,vosheerin76,73 Anderson Junction,스웨트 셔츠 [멜란지 그레이],4,2022-04-19 23:29
229,242,신용카드,comelpaisRegrant,49900,dpeabody1t,5889 Maywood Avenue,C 로고 맨투맨 네이비,4,2022-04-19 23:44
230,243,신용카드,comelpaisTemp,49900,nkitchingmanb4,21139 5th Plaza,스탠다드 스웨트 셔츠 - 블랙_소매 와펜 ver.,4,2022-04-19 23:48
231,244,무통장입금,comengadgetCookley,39900,dhaskell6p,91 Rockefeller Trail,빅 트위치 루즈핏 크루넥 네이비,4,2022-04-20 23:32
232,245,무통장입금,comengadgetYfind,49900,jmohring5w,43635 Hollow Ridge Center,C 로고 맨투맨 그레이,5,2022-04-20 23:33
233,246,무통장입금,cometsyTempsoft,49900,sdoughtyhm,43691 Namekagon Crossing,헤비웨이트 오버사이즈 스웨트셔츠 [블랙],4,2022-04-20 23:44
234,247,무통장입금,cometsyTrippledex,49900,csammondsk7,72478 Monica Way,베츠 어센틱 맨투맨 블랙,5,2022-04-21 10:36
235,248,무통장입금,comeventbriteDomainer,49900,lyoutheadlz,86 Arapahoe Lane,엔젤 와펜 맨투맨 블랙,3,2022-04-21 10:43
236,249,무통장입금,comeventbriteHome Ing,49900,tmallett24,9660 Mayer Way,럭비 맨투맨 네이비,4,2022-04-21 10:44
237,250,무통장입금,comeventbriteLotlux,49900,spellingarhn,652 Dawn Street,스몰 사인 로고 맨투맨 그레이,4,2022-04-21 10:45
238,251,신용카드,comeventbriteWrapsafe,49900,svigersh5,724 Kings Terrace,엔젤 와펜 맨투맨 그레이,4,2022-04-21 10:59
239,252,신용카드,comexaminerStim,49900,ckenyone2,7706 Waubesa Hill,엔젤 와펜 맨투맨 아이보리,5,2022-04-21 10:59
240,253,신용카드,comexaminerToughjoyfax,49900,yfarra4c,450 Stuart Plaza,스탠다드 스웨트 셔츠 - 멜란지 그레이_소매 와펜 ver.,5,2022-04-21 10:59
241,254,신용카드,comexampleNamfix,49900,gjermey9c,20 Westerfield Terrace,아치 로고 맨투맨 네이비,4,2022-04-21 10:59
242,255,신용카드,comezinearticlesCookley,49900,pgazey1a,3304 Kipling Plaza,릴랙스 오버사이즈 크루넥 - 베이지 / CM1408,2,2022-04-21 11:00
243,256,신용카드,comezinearticlesLotstring,49900,gdecullipn5,1 Marcy Parkway,[처비][미들 테리] 스트링 스웨트셔츠 차콜,5,2022-04-21 11:49
244,257,신용카드,comfacebookLatlux,49900,mselwyneos,413 Doe Crossing Drive,[SET] 베이직 라인 셋업,5,2022-04-21 15:07
245,258,무통장입금,comfacebookSolarbreeze,49900,kbreachq1,68643 Walton Center,드롭숄더 배드베어 맨투맨 네이비,4,2022-04-21 16:06
246,259,신용카드,comfacebookYSolowarm,49900,rbroderick4d,46103 Warbler Park,우먼즈 크롭 베어프렌즈 엠보자수 맨투맨 오트밀(FCB3TS355W),4,2022-04-22 19:16
247,260,신용카드,comfastcompanyQuo Lux,499000,scaldaromq,62692 Lawn Circle,650g 덤블 오리지널무지 기모 맨투맨 OGMT1921,4,2022-04-24 1:23
248,261,신용카드,comfastcompanySpan,149700,mcoghlincq,441 Dakota Street,플랫 테리 오버사이즈 스트링 스웨트셔츠 [블랙],4,2022-04-24 14:10
249,262,신용카드,comfc2Sonair,199500,cspornerps,3 Rutledge Road,오버핏 아치 로고 스웨트 셔츠-네이비,5,2022-04-24 14:17
250,263,신용카드,comfc2SubEx,418600,kswalwell86,63 Bluestem Parkway,헤비 코튼 오버 럭비 맨투맨 _Melange Gray,1,2022-04-24 14:17
251,264,신용카드,comfeedburnerKonklab,319200,cmugleston2g,690 Dorton Trail,2,5,2022-04-24 14:18
252,265,신용카드,comfeedburnerQuo Lux,249500,rwackette9,9 Little Fleur Circle,레이아웃 로고 맨투맨 블랙,5,2022-04-24 14:21
253,266,무통장입금,comflickrJob,49900,alegrysdx,9 Forest Run Park,NSW 클럽 맨투맨 5종류,5,2022-04-27 21:39
254,267,무통장입금,comflickrStringtough,49900,gholmyard22,2 Orin Place,[S600NA] 더블 드라이 에코 플리스 크루 - 네이비,5,2022-04-19 23:16
255,268,신용카드,comflickrTempsoft,49900,npeidrog1,85622 Carey Crossing,S600 파워블랜드 무지 맨투맨 크루넥,4,2022-04-19 23:29
256,269,신용카드,comfoxnewsViva,49900,hiacovazzijk,64 Dexter Place,[UNISEX]엘보우 스마일드로잉 클립 맨투맨_블랙,4,2022-04-19 23:29
257,270,신용카드,comfreewebsKeylex,49900,ydudderidgejy,13 Anderson Terrace,스몰 사인 로고 맨투맨 네이비,5,2022-04-19 23:44
258,271,무통장입금,comfreewebsStringtough,49900,geveralql,7466 Granby Circle,에센셜 쿨 코튼 2-PACK 티셔츠,3,2022-04-19 23:48
259,272,무통장입금,comfriendfeedTemp,39900,agordongiles28,3 Nova Alley,011502 폴로 피케 반팔티,2,2022-04-20 23:32
260,273,무통장입금,comftTranscof,49900,adenyukinp8,7868 Grayhawk Plaza,[ONEMILE WEAR] 2PACK SMALL ARCH 티셔츠 2color,5,2022-04-20 23:33
261,274,무통장입금,comftYfind,49900,mspriggsrq,8 Crownhardt Junction,(22SS) 2 TONE ARCH 티셔츠 WHITE,4,2022-04-20 23:44
262,275,무통장입금,comgeocitiesAsoka,49900,mderlq7,64 Stoughton Terrace,티셔츠 FLOWERMARDI_WHITE GREEN,4,2022-04-21 10:36
263,276,무통장입금,comgeocitiesZathin,49900,ebrabhamlt,917 Raven Hill, FLOWERMARDI_IVORY NAVY,2,2022-04-21 10:43
264,277,무통장입금,comgithubDuobam,49900,buccelli9y,819 Ryan Way,미시간 울버린 피그먼트  반팔티 블랙차콜,3,2022-04-21 10:44
265,278,신용카드,comgithubGreenlam,49900,caverieso6,1237 Bellgrove Crossing,[패키지] 더블코튼 무지반팔  패키지 KHST1011,2,2022-04-21 10:45
266,279,신용카드,comgizmodoVentosanzap,49900,edibbert48,01386 Carberry Avenue,빅 트위치 로고 티셔츠 화이트,3,2022-04-21 10:59
267,280,신용카드,comgizmodoVoltsillam,49900,sblinder6t,3625 Barby Crossing,포켓반팔티 K87 남여공용 기본티 반팔 모음 (사은품 증정),4,2022-04-21 10:59
268,281,신용카드,comgloboFix San,49900,mbenoix4t,441 Monterey Court,[처비][10수] 볼드 스트라이프 티 네이비,3,2022-04-21 10:59
269,282,신용카드,comgoogleAlphazap,49900,wsimmings8v,4504 Northridge Hill,슈무 아치로고 반팔 티셔츠 화이트,1,2022-04-21 10:59
270,283,신용카드,comgoogleDuobam,49900,ochansonaq,6 Forest Court,커스텀 슬림핏 메시 폴로 셔츠 - 화이트,4,2022-04-21 11:00
271,284,신용카드,comgoogleTranscof,49900,aclunanfh,9672 Melvin Plaza,[깡스타일리스트 PICK] DSN-Logo 티셔츠 White,3,2022-04-19 23:16
272,285,무통장입금,comgoProdder,49900,crozeajd,4 Goodland Pass,커스텀 슬림핏 메시 폴로 셔츠 - 블랙,4,2022-04-19 23:29
273,286,신용카드,comgoRonstring,49900,thorley98,6786 Green Point,(22SS) EMBROIDERY UNIVERSITY DAN 티셔츠 WHITE,1,2022-04-19 23:29
274,287,신용카드,comhc360Tampflex,49900,dyanne4n,87 Bayside Terrace,BLACK CAT 티셔츠 [WHITE],2,2022-04-19 23:44
275,288,신용카드,comhexunCardify,499000,dfallenso8,7628 Amoth Crossing,스티브 반팔 카라 티셔츠 WHHAC2414U,4,2022-04-19 23:48
276,289,신용카드,comhexunWrapsafe,149700,blongo8c,80818 Delaware Point,[김스테파니헤리 착용] TAG KP 티셔츠 - BLACK,5,2022-04-20 23:32
277,290,신용카드,comhistatsStringtough,199500,blatteydh,52 North Park,(22SS) 2 TONE ARCH 티셔츠 ROYAL BLUE,2,2022-04-20 23:33
278,291,신용카드,comhowstuffworksHoldlamis,418600,wsinnettbd,0459 Forest Dale Road,PRDA DENIM PATCH CREWNECK 티셔츠 WHITE,4,2022-04-20 23:44
279,292,신용카드,comhowstuffworksStringtough,319200,jharms6,3455 Waubesa Crossing,액티비티 클럽 피그먼트 반팔티 크림,4,2022-04-21 10:36
280,293,신용카드,comhowstuffworksZontrax,249500,mlashmore3x,52882 Susan Court,티셔츠 FLOWERMARDI_WHITE VIOLET,4,2022-04-21 10:43
281,294,무통장입금,comhpGreenlam,49900,mbeebyks,982 Ronald Regan Plaza,[핏더사이즈PICK] LIFE IS 티셔츠_SURF RIDE 티셔츠_CHARCOAL,1,2022-04-21 10:44
282,295,무통장입금,comhpLatlux,49900,geldridgeh8,34620 Superior Court,2PACK 수피마 코튼 티셔츠,3,2022-04-21 10:45
283,296,신용카드,comhpVagram,49900,hvanderspohrla,3946 3rd Pass,쿨코튼 2-PACK 베츠 기본 반팔 티셔츠 블랙/화이트,5,2022-04-21 10:59
284,297,신용카드,comhpVoyatouch,49900,aconeronj4,847 Monica Way,듀스 네로 반팔티 화이트,3,2022-04-21 10:59
285,298,신용카드,comhubpagesBytecard,49900,dzollner1r,669 Cottonwood Point,커스텀 슬림 핏 코튼 티셔츠 - 블랙,4,2022-04-21 10:59
286,299,무통장입금,comhubpagesMat Lam Tam,49900,pdurstonho,7840 Eastlawn Crossing,[정호연 착용] 여 J218885 YAF 화이트 스트레이트핏 모노그램 로고 반팔 티셔츠,4,2022-04-21 10:59
287,300,무통장입금,comhubpagesTampflex,39900,steece1f,539 Oakridge Drive,티셔츠 FLOWERMARDI_BLACK CREAM,3,2022-04-21 11:00
288,301,무통장입금,comhuffingtonpostLatlux,49900,jhuglini2,25 Pearson Hill,[COOL COTTON] 2PACK SMALL ARCH 티셔츠 WHITE / BLACK,3,2022-04-21 11:49
289,302,무통장입금,comhuffingtonpostOpela,49900,jmcfeatemj,33 Green Lane,릴렉스 핏 크루 넥 반팔 티셔츠 [화이트],4,2022-04-21 15:07
290,303,무통장입금,comhugedomainsKeylex,49900,wcircuittio,76487 Becker Place,[패키지] 핀스 오버핏 카라 반팔티 2PACK YHST2354,3,2022-04-21 16:06
291,304,무통장입금,comhugedomainsVagram,49900,jdenmeadjc,8 Jackson Avenue,[패키지][CHUBBY]EMBROIDERY 티셔츠 (5COLOR),2,2022-04-22 19:16
292,305,무통장입금,comibmSubin,49900,shaslegrave1x,1 Cherokee Drive,IN LOVE 티셔츠(WHITE),4,2022-04-24 1:23
293,306,신용카드,comibmTempsoft,49900,jcramerb,228 Blaine Avenue,베이직 스몰로고 반팔 티셔츠 NY (Black),3,2022-04-24 14:10
294,307,신용카드,comibmZamit,49900,sibbittk2,1618 Havey Pass,[Mmlg] 19MG HF-T (WHITE),2,2022-04-24 14:17
295,308,신용카드,comicqBigtax,49900,obuddingnp,3468 Mccormick Way,[박서준 착용] 남 J320770 YAF 화이트 클래식 모노그램 로고 반팔 티셔츠,3,2022-04-24 14:17
296,309,신용카드,comicqLotlux,49900,pgermain21,550 Reindahl Street,레이어드 크루 넥 반팔 티셔츠_일반 기장 [화이트],2,2022-04-24 14:18
297,310,신용카드,comicqSonsing,49900,terrattl9,25230 Surrey Trail,EBFD 베츠 반팔 티셔츠 블루,3,2022-04-24 14:21
298,311,신용카드,comihgDuobam,49900,rsaban5s,6821 Hoard Point,VSW Puppy T-Shirts White,2,2022-04-27 21:39
299,312,신용카드,comihgOverhold,49900,jsedgereq,374 Briar Crest Alley,T-Logo 티셔츠 Black,3,2022-04-19 23:16
300,313,무통장입금,comihgProdder,49900,mbutertonln,2049 Scofield Point,[깡스타일리스트 PICK] Racing 22 티셔츠 White,4,2022-04-19 23:29
301,314,신용카드,comihgZamit,49900,mstandidgekd,96 Stephen Street,남 블랙 레귤러핏 인스티튜셔널 로고 스트레치 반팔 티셔츠 J321612 BEH,5,2022-04-19 23:29
302,315,신용카드,comimgurAsoka,49900,otichelaarg0,30 Fairview Road,MIXED BOUCLE KNIT HALF SLEEVE BLACK,4,2022-04-19 23:44
303,316,신용카드,comimgurMatsoft,499000,msadlermr,25 Elgar Center,V.O.C 티셔츠 (OLYMPIA)_WHITE,2,2022-04-19 23:48
304,317,신용카드,comimgurNamfix,149700,bskitchq6,16971 Jenna Court,W CLASSIC LOGO 티셔츠 white,5,2022-04-20 23:32
305,318,신용카드,comimgurSolarbreeze,199500,sbelseybx,724 Myrtle Lane,[박서준 착용] 남 화이트 레귤러핏 인스티튜셔널 로고 스트레치 반팔 티셔츠 J321612 YAF,2,2022-04-20 23:33
306,319,신용카드,comindiatimesZamit,418600,mlilbourneck,854 Roxbury Avenue,22S/S 오버핏 피케티셔츠 (블랙),2,2022-04-20 23:44
307,320,신용카드,comindiatimesZathin,319200,kstannah91,2 Kensington Avenue,빅 트위치 로고 티셔츠 그린,5,2022-04-21 10:36
308,321,신용카드,comindiegogoTresom,249500,gadel9p,42641 Southridge Terrace,라인 서퍼맨 티셔츠 화이트,1,2022-04-21 10:43
309,322,무통장입금,cominstagramCardguard,49900,mcreavin64,0 Main Place,[깡스타일리스트 PICK] C-Logo 티셔츠 White,3,2022-04-21 10:44
310,323,무통장입금,cominstagramStringtough,49900,mwilacotb0,68284 Westerfield Way,쿨 코튼 2-PACK 티셔츠 화이트,4,2022-04-21 10:45
311,324,신용카드,cominstagramVentosanzap,49900,csprittaj,0736 North Drive,럭비 스트라이프 티셔츠 네이비,3,2022-04-21 10:59
312,325,신용카드,cominstagramZaamDox,49900,fstoveskg,51 Clove Pass,빅 트위치 로고 티셔츠 블랙,2,2022-04-21 10:59
313,326,신용카드,comintelBitwolf,49900,hjohanning7h,17358 Evergreen Center,티셔츠 DDANJI_IVORY,5,2022-04-21 10:59
314,327,무통장입금,comintelJob,49900,sdownes66,76 Little Fleur Plaza,N222UPB900 우븐 반팔/반바지 2PACK 세트 CARBON BLACK,5,2022-04-21 10:59
315,328,무통장입금,comintelLotstring,39900,mvolagejl,7 Evergreen Place,[패키지] 9TH ANNIVERSARY 3PACK T-SHIRTS EDITION,1,2022-04-21 11:00
316,329,무통장입금,comintelMatsoft,49900,aschnitter1g,0 Pierstorff Place,TAG KP 티셔츠 - WHITE,3,2022-04-19 23:16
317,330,무통장입금,comissuuFixflex,49900,gbeedengn,93 Norway Maple Pass,[깡스타일리스트 PICK] Racing 22 티셔츠 Black,5,2022-04-19 23:29
318,331,무통장입금,comistockphotoSolarbreeze,49900,cgreggscd,036 Farragut Plaza,남성 로고 패치 코튼 저지 반팔 티셔츠 - 블루 / 761521957V0020,3,2022-04-19 23:29
319,332,무통장입금,comistockphotoTin,49900,pkenrydim,23 Boyd Drive,더블 엔젤 와펜 반팔 티셔츠 블랙,2,2022-04-19 23:44
320,333,무통장입금,comjavaDomainer,49900,arickhuss7r,7 Grover Point,[2PACK] 유니섹스 365 반팔티 세트,3,2022-04-19 23:48
321,334,신용카드,comjavaFlowdesk,49900,fbroschke90,4 Prairieview Terrace,[깡스타일리스트 PICK] C-Logo 티셔츠 Black,3,2022-04-20 23:32
322,351,신용카드,comjavaStim,49900,aundrill3z,43 Hooker Crossing,(22SS) UNIVERSITY DAN 티셔츠 WHITE / RED,4,2022-04-20 23:33
323,352,신용카드,comjavaTemp,49900,tgoodsal9d,979 Homewood Place,  [쿨탠다드] 피케 폴로 셔츠 [블랙],3,2022-04-20 23:44
324,353,신용카드,comjiathisSonsing,49900,ibaillieko,47711 Ilene Crossing,[송필드 PICK][SET] CGP 아치 로고 반팔 크루넥 셋업_멜란지그레이,3,2022-04-21 10:36
325,354,신용카드,comjiathisTempsoft,49900,mcramond5k,8 7th Avenue,스몰 사인로고 반팔 티셔츠 블랙,3,2022-04-21 10:43
326,1,신용카드,comjigsyAlphazap,49900,dalekhov9r,23091 Fuller Alley,[패키지] NYC LOCATION T-SHIRT (16COLOR) [LRQMCTA401M],1,2022-04-21 10:44
327,1,신용카드,comjigsyHome Ing,49900,vgridon6c,49 Independence Trail,릴렉스 핏 크루 넥 반팔 티셔츠 [블랙],5,2022-04-21 10:45
328,1,무통장입금,comjigsyZaamDox,49900,dmanganm9,0759 Blackbird Street,LMC AEROCOOL S OG 티셔츠 2PACK,4,2022-04-21 10:59
329,3,신용카드,comjimdoSpan,49900,pspelsburyf9,963 Bluejay Street,나폴리 소프트 코튼 폴로 니트 오션 크림,4,2022-04-21 10:59
330,3,신용카드,comlatimesRonstring,49900,spesselpg,71161 Petterle Circle,카멜 파크 반팔티셔츠(딥그린),1,2022-04-21 10:59
331,4,신용카드,comlatimesStim,499000,eclandillon3k,4371 Atwood Junction,[깡스타일리스트 PICK] DSN-Logo 티셔츠 Black,4,2022-04-21 10:59
332,3,신용카드,comlistmanageSolarbreeze,149700,oburdas80,37452 Grayhawk Road,쿨 케이블 니트 폴로티 네이비,2,2022-04-21 11:00
333,4,신용카드,comliveDuobam,199500,kcondyc1,255 Spohn Pass,T-Logo 티셔츠 White,3,2022-04-21 11:49
334,5,신용카드,comliveHatity,418600,msamwayscm,95 Dottie Terrace,[세트] 반팔티+반바지,5,2022-04-21 15:07
335,6,신용카드,comlivejournalBamity,319200,klimerqb,8 Rusk Plaza,스트라이프 롱슬리브 블랙,2,2022-04-21 16:06
336,1,무통장입금,comlivejournalZamit,249500,lwickardtic,0 Riverside Alley,(우디) 자수 폴로카라 반팔 티셔츠_SPHWC24C04,5,2022-04-22 19:16
337,12,무통장입금,comliveMatsoft,49900,ndeavenelllm,2 Hollow Ridge Junction,시그니쳐 로고 티셔츠 화이트,4,2022-04-24 1:23
338,12,신용카드,comluluBitwolf,49900,lrankin58,42740 Crescent Oaks Park,프리미엄 실켓 하프 슬리브 티셔츠 - 9 COLOR,1,2022-04-24 14:10
339,12,신용카드,comluluSpan,49900,ftavinor8o,1 Lake View Plaza,[박서준 착용] 남 J320770 BEH 블랙 클래식 모노그램 로고 반팔 티셔츠,3,2022-04-24 14:17
340,12,신용카드,comlycosFintone,49900,soswal3y,8707 Grayhawk Plaza,[패키지] 2pack 페인트쿨링 피그먼트 반팔 SMST4431,4,2022-04-24 14:17
341,13,무통장입금,comlycosMatsoft,49900,tspeirh2,839 Oak Trail,[22SS] [패키지] 루이스 박스 반팔티셔츠 2PACK KJST2411,4,2022-04-24 14:18
342,13,무통장입금,comlycosTampflex,49900,gmeadowcraftd0,76 Holmberg Terrace,스몰 사인로고 반팔 티셔츠  화이트,2,2022-04-24 14:21
343,13,무통장입금,comlycosVeribet,39900,bpitkethly1o,09 Oak Circle,(22SS) UNIVERSITY DAN 티셔츠 NAVY / RED,3,2022-04-27 21:39
344,14,무통장입금,commacFix San,49900,elevetoy,48428 Elka Way,서핀 백 프린트 티 셔츠_네이비,4,2022-04-19 23:16
345,15,무통장입금,commacHoldlamis,49900,coherlihyc8,226 Packers Point,[깡스타일리스트 PICK] 유니섹스 스마일 어스 엠보더리 티셔츠 atb524u(WHITE),2,2022-04-19 23:29
346,16,무통장입금,commacIt,49900,alillnx,938 Havey Lane,커스텀 슬림 핏 코튼 티셔츠 - 화이트,1,2022-04-19 23:29
347,12,무통장입금,commacromediaYSolowarm,49900,agartindi,25 Oneill Drive,에센셜 쿨 코튼 2-PACK 티셔츠,3,2022-04-19 23:44
348,13,신용카드,commacTresom,49900,cgorryr5,75 Bartillon Drive,011502 폴로 피케 반팔티,4,2022-04-19 23:48
349,14,신용카드,commarketwatchDomainer,49900,ayantsurev5,03 Waywood Pass,[ONEMILE WEAR] 2PACK SMALL ARCH 티셔츠 2color,1,2022-04-20 23:32
350,15,신용카드,commarriottIt,49900,cdeverose6s,00301 Roth Street,(22SS) 2 TONE ARCH 티셔츠 WHITE,3,2022-04-20 23:33
351,16,신용카드,commarriottKonklux,49900,kbetonia8a,0499 Waubesa Terrace,티셔츠 FLOWERMARDI_WHITE GREEN,3,2022-04-20 23:44
352,12,신용카드,commashableSpan,49900,bmeldingo,60012 Prentice Pass, FLOWERMARDI_IVORY NAVY,4,2022-04-21 10:36
353,12,신용카드,commashableVoyatouch,49900,ckohlerrk,78 Butternut Pass,미시간 울버린 피그먼트  반팔티 블랙차콜,3,2022-04-21 10:43
354,15,신용카드,commayoclinicVoltsillam,49900,crampleeaz,721 John Wall Way,[패키지] 더블코튼 무지반팔  패키지 KHST1011,4,2022-04-21 10:44
355,25,무통장입금,commediafireKanlam,49900,rbirchettgj,6 Bluestem Hill,빅 트위치 로고 티셔츠 화이트,3,2022-04-21 10:45
356,26,신용카드,commediafireSubin,49900,ptommaseofl,3686 Burning Wood Circle,포켓반팔티 K87 남여공용 기본티 반팔 모음 (사은품 증정),1,2022-04-21 10:59
357,27,신용카드,commediafireVeribet,49900,rbarendtsenp,230 Esch Center,[처비][10수] 볼드 스트라이프 티 네이비,4,2022-04-21 10:59
358,28,신용카드,commeetupRonstring,49900,rmeikle7,31 Lakewood Court,슈무 아치로고 반팔 티셔츠 화이트,3,2022-04-21 10:59
359,29,신용카드,commeetupTranscof,499000,haleksankovqs,5 Donald Street,커스텀 슬림핏 메시 폴로 셔츠 - 화이트,1,2022-04-21 10:59
360,30,신용카드,commerriamwebsterCookley,149700,kadaway95,664 Heffernan Plaza,[깡스타일리스트 PICK] DSN-Logo 티셔츠 White,2,2022-04-21 11:00
361,25,신용카드,commerriamwebsterFlexidy,199500,jblessedd4,82 Nevada Street,커스텀 슬림핏 메시 폴로 셔츠 - 블랙,3,2022-04-19 23:16
362,26,신용카드,commerriamwebsterProdder,418600,cduftynk,71 Almo Parkway,(22SS) EMBROIDERY UNIVERSITY DAN 티셔츠 WHITE,2,2022-04-19 23:29
363,27,신용카드,commerriamwebsterTin,319200,tredparthr3,212 Forest Dale Junction,BLACK CAT 티셔츠 [WHITE],2,2022-04-19 23:29
364,28,무통장입금,commerriamwebsterZaamDox,249500,mpostinmf,4488 North Plaza,스티브 반팔 카라 티셔츠 WHHAC2414U,4,2022-04-19 23:44
365,29,무통장입금,commicrosoftRegrant,49900,hgisckeni1,665 Butterfield Street,[김스테파니헤리 착용] TAG KP 티셔츠 - BLACK,3,2022-04-19 23:48
366,30,신용카드,commlbFixflex,49900,clamborn52,208 Lakewood Gardens Junction,(22SS) 2 TONE ARCH 티셔츠 ROYAL BLUE,3,2022-04-20 23:32
367,25,신용카드,commoonfruitFlexidy,49900,hlovattj6,94 Brentwood Court,PRDA DENIM PATCH CREWNECK 티셔츠 WHITE,1,2022-04-20 23:33
368,26,신용카드,commoonfruitFlowdesk,49900,rbrumfitt38,2891 Merrick Parkway,액티비티 클럽 피그먼트 반팔티 크림,2,2022-04-20 23:44
369,28,무통장입금,commoonfruitKonklab,49900,kkumarki,0130 Rieder Pass,티셔츠 FLOWERMARDI_WHITE VIOLET,5,2022-04-21 10:36
370,30,무통장입금,commoonfruitSubEx,49900,nemblingoz,16860 Carey Park,[핏더사이즈PICK] LIFE IS 티셔츠_SURF RIDE 티셔츠_CHARCOAL,3,2022-04-21 10:43
371,30,무통장입금,commozillaPannier,39900,dbalducci1u,3556 Arkansas Pass,2PACK 수피마 코튼 티셔츠,5,2022-04-21 10:44
372,30,무통장입금,commozillaStringtough,49900,rkernar6r,38 Sundown Crossing,쿨코튼 2-PACK 베츠 기본 반팔 티셔츠 블랙/화이트,3,2022-04-21 10:45
373,28,무통장입금,commozillaTranscof,49900,toldcoten9,73489 Briar Crest Lane,듀스 네로 반팔티 화이트,2,2022-04-21 10:59
374,25,무통장입금,commsnBytecard,49900,glesieur6x,3452 Elka Junction,커스텀 슬림 핏 코튼 티셔츠 - 블랙,4,2022-04-21 10:59
375,25,무통장입금,commsnSonair,49900,fpretod3,90210 Eastwood Park,[정호연 착용] 여 J218885 YAF 화이트 스트레이트핏 모노그램 로고 반팔 티셔츠,3,2022-04-21 10:59
376,25,신용카드,commtvProdder,49900,gswindon3b,4 Hintze Avenue,티셔츠 FLOWERMARDI_BLACK CREAM,1,2022-04-21 10:59
377,25,신용카드,commultiplyFixflex,49900,kbolgar4x,02010 Browning Way,[COOL COTTON] 2PACK SMALL ARCH 티셔츠 WHITE / BLACK,2,2022-04-21 11:00
378,25,신용카드,commultiplyProdder,49900,lcurteiscr,6 Continental Hill,릴렉스 핏 크루 넥 반팔 티셔츠 [화이트],3,2022-04-21 11:49
379,32,신용카드,commyspaceBitwolf,49900,ufransesa2,1 Spohn Center,[패키지] 핀스 오버핏 카라 반팔티 2PACK YHST2354,4,2022-04-21 15:07
380,33,신용카드,commysqlLotlux,49900,dfitzroyqu,26 Sunbrook Terrace,[패키지][CHUBBY]EMBROIDERY 티셔츠 (5COLOR),4,2022-04-21 16:06
381,34,신용카드,commysqlOverhold,49900,areinhardtc7,44 Petterle Lane,IN LOVE 티셔츠(WHITE),2,2022-04-22 19:16
382,35,신용카드,commysqlVagram,49900,imccarthynq,86432 Raven Street,베이직 스몰로고 반팔 티셔츠 NY (Black),3,2022-04-24 1:23
383,36,무통장입금,comnatureFix San,49900,dbubeer9,933 2nd Point,[Mmlg] 19MG HF-T (WHITE),4,2022-04-24 14:10
384,32,신용카드,comnatureLotlux,49900,sfoakeskv,7 Morrow Park,[박서준 착용] 남 J320770 YAF 화이트 클래식 모노그램 로고 반팔 티셔츠,3,2022-04-24 14:17
385,33,신용카드,comnatureRank,49900,meastlakebg,290 Sundown Lane,레이어드 크루 넥 반팔 티셔츠_일반 기장 [화이트],4,2022-04-24 14:17
386,33,신용카드,comnatureSubEx,49900,mlanghamg4,789 Monterey Point,EBFD 베츠 반팔 티셔츠 블루,1,2022-04-24 14:18
387,33,신용카드,comnatureToughjoyfax,499000,erewbottom7g,38 Evergreen Avenue,VSW Puppy T-Shirts White,2,2022-04-24 14:21
388,33,신용카드,comnaverVoyatouch,149700,kcloneyif,847 Steensland Drive,T-Logo 티셔츠 Black,3,2022-04-27 21:39
389,32,신용카드,comnbaCardguard,199500,lmilham7z,2085 Summerview Trail,[깡스타일리스트 PICK] Racing 22 티셔츠 White,3,2022-04-19 23:16
390,33,신용카드,comnbaViva,418600,mshowenja,969 Russell Trail,남 블랙 레귤러핏 인스티튜셔널 로고 스트레치 반팔 티셔츠 J321612 BEH,4,2022-04-19 23:29
391,34,신용카드,comnbcnewsQuo Lux,319200,eerratto7,79 Kedzie Center,MIXED BOUCLE KNIT HALF SLEEVE BLACK,3,2022-04-19 23:29
392,35,무통장입금,comnetlogRegrant,249500,mgamlinw,041 Meadow Valley Court,V.O.C 티셔츠 (OLYMPIA)_WHITE,4,2022-04-19 23:44
393,36,무통장입금,comnetscapeAndalax,49900,wthurlowap,76729 Waubesa Crossing,W CLASSIC LOGO 티셔츠 white,4,2022-04-19 23:48
394,32,신용카드,comnetscapeDomainer,49900,fsimmgen4p,6523 Londonderry Street,[박서준 착용] 남 화이트 레귤러핏 인스티튜셔널 로고 스트레치 반팔 티셔츠 J321612 YAF,3,2022-04-20 23:32
395,32,신용카드,comnetscapeFixflex,49900,ebretellepa,7 Glacier Hill Center,22S/S 오버핏 피케티셔츠 (블랙),4,2022-04-20 23:33
396,32,신용카드,comnetscapeVoltsillam,49900,amcraepr,2 Autumn Leaf Pass,빅 트위치 로고 티셔츠 그린,4,2022-04-20 23:44
397,32,무통장입금,comnetscapeZoolab,49900,klidellir,34302 Bunting Hill,라인 서퍼맨 티셔츠 화이트,5,2022-04-21 10:36
398,32,무통장입금,comnetvibesFixflex,49900,vrodolfimh,4 Utah Pass,[깡스타일리스트 PICK] C-Logo 티셔츠 White,4,2022-04-21 10:43
399,34,무통장입금,comnetvibesLotstring,39900,apeasnonedg,9849 Sunnyside Plaza,쿨 코튼 2-PACK 티셔츠 화이트,5,2022-04-21 10:44
400,34,무통장입금,comnetvibesVagram,49900,dlampaertcn,4800 Kingsford Trail,럭비 스트라이프 티셔츠 네이비,4,2022-04-21 10:45
401,35,무통장입금,comnetworksolutionsAlpha,49900,odumingos1n,46 Carberry Place,빅 트위치 로고 티셔츠 블랙,3,2022-04-21 10:59
402,43,무통장입금,comnetworksolutionsAsoka,49900,ddunphyaa,865 American Hill,티셔츠 DDANJI_IVORY,3,2022-04-21 10:59
403,44,무통장입금,comnetworksolutionsFixflex,49900,rlaxtonpu,143 Schiller Road,N222UPB900 우븐 반팔/반바지 2PACK 세트 CARBON BLACK,2,2022-04-21 10:59
404,45,신용카드,comnetworksolutionsProdder,49900,cremer5e,69250 Harper Point,[패키지] 9TH ANNIVERSARY 3PACK T-SHIRTS EDITION,4,2022-04-21 10:59
405,46,신용카드,comnetworksolutionsRonstring,49900,rhehirhx,591 1st Place,TAG KP 티셔츠 - WHITE,5,2022-04-21 11:00
406,47,신용카드,comnewsvineSubin,49900,hfullalovegx,04585 Pearson Trail,[깡스타일리스트 PICK] Racing 22 티셔츠 Black,3,2022-04-19 23:16
407,43,신용카드,comnewyorkerDomainer,49900,rebbinsjw,31 Eliot Pass,남성 로고 패치 코튼 저지 반팔 티셔츠 - 블루 / 761521957V0020,4,2022-04-19 23:29
408,44,신용카드,comnewyorkerKonklab,49900,thattamah,5813 Northland Circle,더블 엔젤 와펜 반팔 티셔츠 블랙,4,2022-04-19 23:29
409,45,신용카드,comnewyorkerVoyatouch,49900,ireelypv,46 Shasta Circle,[2PACK] 유니섹스 365 반팔티 세트,2,2022-04-19 23:44
410,46,신용카드,comnewyorkerWrapsafe,49900,kpeterpc,759 Spohn Circle,[깡스타일리스트 PICK] C-Logo 티셔츠 Black,4,2022-04-19 23:48
411,47,무통장입금,comniftyTresZap,49900,fmathevetro,2 Macpherson Junction,(22SS) UNIVERSITY DAN 티셔츠 WHITE / RED,4,2022-04-20 23:32
412,43,신용카드,comniftyVentosanzap,49900,tmaylottf6,04 Superior Hill,  [쿨탠다드] 피케 폴로 셔츠 [블랙],3,2022-04-20 23:33
413,44,신용카드,comningTampflex,49900,mshoveltonqd,1 Bultman Terrace,[송필드 PICK][SET] CGP 아치 로고 반팔 크루넥 셋업_멜란지그레이,5,2022-04-20 23:44
414,45,신용카드,comningTranscof,49900,fpaulon5t,493 Moland Court,스몰 사인로고 반팔 티셔츠 블랙,1,2022-04-21 10:36
415,46,신용카드,comningTreeflex,499000,tstanex5g,46189 Fallview Lane,[패키지] NYC LOCATION T-SHIRT (16COLOR) [LRQMCTA401M],3,2022-04-21 10:43
416,47,신용카드,comningViva,149700,rminigo94,0 Brentwood Trail,릴렉스 핏 크루 넥 반팔 티셔츠 [블랙],2,2022-04-21 10:44
417,43,신용카드,comnydailynewsOverhold,199500,kstonhard89,38 Lukken Point,LMC AEROCOOL S OG 티셔츠 2PACK,3,2022-04-21 10:45
418,43,신용카드,comnymagFlowdesk,418600,mwoollandok,3484 Westridge Place,나폴리 소프트 코튼 폴로 니트 오션 크림,5,2022-04-21 10:59
419,43,무통장입금,comnymagSonair,319200,dthoulesscg,2803 Cody Center,카멜 파크 반팔티셔츠(딥그린),3,2022-04-21 10:59
420,43,무통장입금,comnytimesOverhold,249500,lortega5l,9 Fair Oaks Trail,[깡스타일리스트 PICK] DSN-Logo 티셔츠 Black,4,2022-04-21 10:59
421,43,신용카드,comnytimesRegrant,49900,amcbrearty2q,7141 Everett Hill,쿨 케이블 니트 폴로티 네이비,3,2022-04-21 10:59
422,44,신용카드,comoakleyDaltfresh,49900,lcroleyqf,66 Bonner Park,T-Logo 티셔츠 White,1,2022-04-21 11:00
423,44,신용카드,comoakleyIt,49900,mchaldecottqq,52278 Coolidge Center,[세트] 반팔티+반바지,2,2022-04-21 11:49
424,44,무통장입금,comomnitureStronghold,49900,asargisoniw,86062 Alpine Park,스트라이프 롱슬리브 블랙,4,2022-04-21 15:07
425,44,무통장입금,comoperaCookley,49900,swikey3l,4763 Jana Alley,(우디) 자수 폴로카라 반팔 티셔츠_SPHWC24C04,4,2022-04-21 16:06
426,45,무통장입금,comoperaHatity,49900,dhoutbieot,38 Forest Run Point,시그니쳐 로고 티셔츠 화이트,2,2022-04-22 19:16
427,45,무통장입금,comoperaTin,39900,rgheerhaert5b,06627 Judy Lane,프리미엄 실켓 하프 슬리브 티셔츠 - 9 COLOR,5,2022-04-24 1:23
428,46,무통장입금,comoperaYSolowarm,49900,bocassidy8,16238 Main Center,[박서준 착용] 남 J320770 BEH 블랙 클래식 모노그램 로고 반팔 티셔츠,4,2022-04-24 14:10
429,52,무통장입금,comoracleLotstring,49900,ecomettoc9,58208 Mandrake Lane,[패키지] 2pack 페인트쿨링 피그먼트 반팔 SMST4431,4,2022-04-24 14:17
430,54,무통장입금,comoracleRedhold,49900,asimms5r,4025 Maywood Street,[22SS] [패키지] 루이스 박스 반팔티셔츠 2PACK KJST2411,3,2022-04-24 14:17
431,55,신용카드,comoverblogRedhold,49900,vhandleygk,04 Union Park,스몰 사인로고 반팔 티셔츠  화이트,4,2022-04-24 14:18
432,56,신용카드,compatchAlpha,49900,araybould9b,22 8th Drive,(22SS) UNIVERSITY DAN 티셔츠 NAVY / RED,3,2022-04-24 14:21
433,57,신용카드,compatchTreeflex,49900,medgeller40,05 Oneill Court,서핀 백 프린트 티 셔츠_네이비,1,2022-04-27 21:39
434,58,신용카드,compatchVoltsillam,49900,hnovacek9n,2650 Hansons Plaza,[깡스타일리스트 PICK] 유니섹스 스마일 어스 엠보더리 티셔츠 atb524u(WHITE),3,2022-04-19 23:16
435,52,신용카드,compaypalSonsing,49900,sogianylr,88152 Rigney Road,커스텀 슬림 핏 코튼 티셔츠 - 화이트,2,2022-04-19 23:29
436,54,신용카드,comphotobucketKanlam,49900,kdunsire2y,4057 Sutteridge Street,시티보이 빅오버 옥스포드 셔츠_Royal Blue,2,2022-04-19 23:29
437,55,신용카드,composterousJob,49900,psiverl,81288 East Way,시티보이 빅오버 옥스포드 반팔 셔츠_Sky Blue,4,2022-04-19 23:44
438,56,무통장입금,composterousMatsoft,49900,kbriggdale93,46 Golf Lane,코튼 블렌드 하프 셔츠 : 7컬러,3,2022-04-19 23:48
439,57,신용카드,composterousSonair,49900,wlugard39,9365 Annamark Parkway,[세트][선택] 스톤 워싱 데님 셋업 블루,4,2022-04-20 23:32
440,58,신용카드,composterousSubin,49900,cnorval2e,0 Loomis Alley,시티보이 빅오버 옥스포드 셔츠_Neutral Gray,2,2022-04-20 23:33
441,52,신용카드,comprintfriendlyKonklux,49900,wartheygl,54452 Springs Plaza,[WHITE COLLECTION] 커스텀핏 클래식 옥스포드 셔츠  - 화이트,3,2022-04-20 23:44
442,54,신용카드,comprnewswireHoldlamis,49900,dfawcetto9,3 Vermont Crossing,시티보이 빅오버 옥스포드 셔츠_Off White,2,2022-04-21 10:36
443,55,신용카드,comprnewswireIt,499000,rcrotty8u,77 Meadow Valley Alley,오버핏 옥스포드 셔츠_SPYWC12C02,4,2022-04-21 10:43
444,56,신용카드,comprnewswireOpela,149700,lgreenalloj,923 Maryland Junction,시티보이 빅오버 옥스포드 반팔 셔츠_White,3,2022-04-21 10:44
445,57,신용카드,comprnewswireSolarbreeze,199500,mjenteau4e,44 Roxbury Road,빅 하프 셔츠 (피스타치오),4,2022-04-21 10:45
446,58,신용카드,comprnewswireYfind,418600,bbrabantcx,16437 Hazelcrest Street,커스텀 핏 리넨 셔츠 - 화이트,4,2022-04-21 10:59
447,52,무통장입금,comprwebFixflex,319200,pdaughtry1w,6758 Dennis Center,시티보이 빅오버 린넨 반팔 셔츠_Midnight Blue,3,2022-04-21 10:59
448,52,무통장입금,comprwebNamfix,249500,sthornthwaiteqa,778 Melody Point,시티보이 빅오버 옥스포드 반팔 셔츠_Ash Gray,4,2022-04-21 10:59
449,52,신용카드,comprwebSpan,49900,sfeldsteinc3,72795 Debra Hill,솔리드 옥스포드 오버셔츠(스카이블루),1,2022-04-21 10:59
450,52,신용카드,comprwebZamit,49900,tscothorne8t,4 Barby Trail,롱슬리브 포플린 셔츠 - 화이트,2,2022-04-21 11:00
451,52,신용카드,compurevolumeKeylex,49900,wowtramer,1 Dexter Circle,루즈핏 오픈카라 텐셀 린넨 셔츠 [네이비],3,2022-04-19 23:16
452,52,무통장입금,comqqKanlam,49900,mbending4o,9 Jay Avenue,[정해인 착용] [COMMON]린넨혼방셔츠 MWWS3120,4,2022-04-19 23:29
453,54,무통장입금,comquantcastPannier,49900,dberrigan6g,60087 Eliot Hill,텐셀 리넨 롱 슬리브 셔츠_코발트블루,5,2022-04-19 23:29
454,54,무통장입금,comredditSubEx,49900,opudneynm,6763 Talmadge Alley,오피서 하프 셔츠 (틸 그린),4,2022-04-19 23:44
455,54,무통장입금,comrediffSubEx,39900,lhowdenfb,4226 Kennedy Way,린넨 히든 미니멀 셔츠 [SKY BLUE],4,2022-04-19 23:48
456,55,무통장입금,comreferenceOverhold,49900,abartozzip7,5 Portage Junction,시티보이 빅오버 옥스포드 셔츠_Royal Blue,4,2022-04-20 23:32
457,55,무통장입금,comreferenceTampflex,49900,aodonohueg9,10 Comanche Pass,시티보이 빅오버 옥스포드 반팔 셔츠_Sky Blue,5,2022-04-20 23:33
458,56,무통장입금,comreferenceVagram,49900,djaquestbp,480 Warrior Place,코튼 블렌드 하프 셔츠 : 7컬러,5,2022-04-20 23:44
459,63,신용카드,comreverbnationPannier,49900,eberzins6v,5020 Manufacturers Terrace,[세트][선택] 스톤 워싱 데님 셋업 블루,4,2022-04-21 10:36
460,75,신용카드,comsalonBamity,49900,gbelliveaumt,079 Holy Cross Trail,시티보이 빅오버 옥스포드 셔츠_Neutral Gray,4,2022-04-21 10:43
461,76,신용카드,comsalonCardify,49900,gbrandirg,74657 Lakewood Junction,[WHITE COLLECTION] 커스텀핏 클래식 옥스포드 셔츠  - 화이트,5,2022-04-21 10:44
462,77,신용카드,comsamsungHome Ing,49900,cbauerfw,37 Debra Terrace,시티보이 빅오버 옥스포드 셔츠_Off White,4,2022-04-21 10:45
463,78,신용카드,comsamsungKonklab,49900,akarysl7,5 Nova Hill,오버핏 옥스포드 셔츠_SPYWC12C02,4,2022-04-21 10:59
464,63,신용카드,comsbwireVoltsillam,49900,fkeareynj,06336 Nobel Junction,시티보이 빅오버 옥스포드 반팔 셔츠_White,2,2022-04-21 10:59
465,75,신용카드,comsciencedirectZaamDox,49900,tmccaughranie,25334 Stephen Hill,빅 하프 셔츠 (피스타치오),5,2022-04-21 10:59
466,76,무통장입금,comscientificamericanGembucket,49900,tlorrymann4,847 Summit Park,커스텀 핏 리넨 셔츠 - 화이트,5,2022-04-21 10:59
467,77,신용카드,comscientificamericanGreenlam,49900,dlowensohnj1,04470 Algoma Pass,시티보이 빅오버 린넨 반팔 셔츠_Midnight Blue,4,2022-04-21 11:00
468,78,신용카드,comscientificamericanSonsing,49900,bantalffykw,34371 Moulton Way,시티보이 빅오버 옥스포드 반팔 셔츠_Ash Gray,3,2022-04-21 11:49
469,63,신용카드,comscribdDaltfresh,49900,mpickrellnw,21931 Colorado Plaza,솔리드 옥스포드 오버셔츠(스카이블루),4,2022-04-21 15:07
470,63,신용카드,comscribdWrapsafe,49900,dfranceschfj,782 South Point,롱슬리브 포플린 셔츠 - 화이트,4,2022-04-21 16:06
471,63,신용카드,comseattletimesAerified,499000,ksleetkl,727 Southridge Circle,루즈핏 오픈카라 텐셀 린넨 셔츠 [네이비],4,2022-04-22 19:16
472,63,신용카드,comseattletimesGreenlam,149700,eparcellsn,08 Portage Road,[정해인 착용] [COMMON]린넨혼방셔츠 MWWS3120,1,2022-04-24 1:23
473,63,신용카드,comsfgateHoldlamis,199500,dwinkettpb,2750 Rusk Trail,텐셀 리넨 롱 슬리브 셔츠_코발트블루,3,2022-04-24 14:10
474,75,신용카드,comshareasaleViva,418600,skryszka2t,1 Raven Avenue,오피서 하프 셔츠 (틸 그린),3,2022-04-24 14:17
475,75,무통장입금,comshinystatMat Lam Tam,319200,rneubigging2b,2 Bunting Hill,린넨 히든 미니멀 셔츠 [SKY BLUE],4,2022-04-24 14:17
476,75,무통장입금,comshutterflyTreeflex,249500,crichardonkm,7 David Drive,[22SS clove] Pleated 스커트 (Navy),5,2022-04-24 14:18
477,76,신용카드,comshutterflyTresom,49900,korgenm6,337 Gerald Avenue,Peekaboo Lowrise Skort Gray Pin Stripe 스커트,4,2022-04-24 14:21
478,76,신용카드,comsitemeterDomainer,49900,kbagworthke,9 Manley Parkway,[정호연 착용] 우먼즈 데님 미니 스커트 [워시드 블랙],3,2022-04-27 21:39
479,77,신용카드,comsitemeterTresom,49900,cgandey9v,7695 Marcy Way,스윙 플리츠 스커트,3,2022-04-19 23:16
480,85,무통장입금,comskypeCookley,49900,glassellkf,09288 Glacier Hill Street,High-Waist H Line Skirt_Navy,4,2022-04-19 23:29
481,86,무통장입금,comskypeFlexidy,49900,csuggittij,8339 Grayhawk Point,Peekaboo Lowrise Skort Black Pin Stripe,4,2022-04-19 23:29
482,87,무통장입금,comskypeLotlux,49900,dmccaullmn,6 Twin Pines Trail,[NF] 데님 플리츠 벨트 스커트 (BLK)_F21QC023,4,2022-04-19 23:44
483,88,무통장입금,comskypePannier,39900,rnorthamqv,537 Delladonna Lane,볼드 플리츠 숏 스커트 브라운,4,2022-04-19 23:48
484,89,무통장입금,comskypeProdder,49900,tchasier8b,5732 Mccormick Way,여성 플리츠 스커트 (DN12WFSK32),3,2022-04-20 23:32
485,85,무통장입금,comskypeSubin,49900,trapley8m,09 Morrow Road,스윙 플리츠 숏 스커트 오렌지,3,2022-04-20 23:33
486,86,무통장입금,comskyrockAerified,49900,mstockjq,44034 Upham Alley,서머 포켓 스커트 네이비,5,2022-04-20 23:44
487,87,신용카드,comskyrockKeylex,49900,mmoncarrbj,6 Messerschmidt Hill,[22SS clove] Pleated 블루 스커트,4,2022-04-21 10:36
488,88,신용카드,comslateBigtax,49900,rmakennu,06 Stephen Way,CLGR Banding Flare 스커트,4,2022-04-21 10:43
489,89,신용카드,comslateKeylex,49900,ppreslandqr,2 Utah Hill,우먼즈 데님 미니 스커트 [라이트 인디고],5,2022-04-21 10:44
490,85,신용카드,comslateZoolab,49900,aculver9l,344 Muir Road,컬러블록 플리츠 스커트_레드,3,2022-04-21 10:45
491,85,신용카드,comsmugmugHatity,49900,jtemblettrh,44 Browning Lane,[윔블던 에디션] 폴리 스트레치 스커트 - 화이트,5,2022-04-21 10:59
492,85,신용카드,comsogouLotlux,49900,lcoalbran7o,23 Starling Parkway,키르시 로우 웨이스트 플리츠 스커트 [베이지],3,2022-04-21 10:59
493,85,신용카드,comsohuCookley,49900,mkynvinid,977 Morningstar Terrace,메쉬 플라워 스커트 (White),3,2022-04-21 10:59
494,85,무통장입금,comsohuKeylex,49900,dpasque7u,30519 Stone Corner Plaza,스트라이프 플리츠 니트 스커트 네이비,3,2022-04-21 10:59
495,86,신용카드,comsoundcloudNamfix,49900,aberickp6,54 Mayer Trail,여성 테니스 미드 플리츠 스커트 JF007E-52G 001,3,2022-04-21 11:00
496,86,신용카드,comsoundcloudTresZap,49900,fmiddlemissp5,47927 Claremont Circle,[22SS clove] Pleated 스커트 (Navy),3,2022-04-19 23:16
497,86,신용카드,comsphinnFlowdesk,49900,clorenzon7,8933 Granby Court,Peekaboo Lowrise Skort Gray Pin Stripe 스커트,4,2022-04-19 23:29
498,87,신용카드,comsphinnMatsoft,49900,jnequest8z,220 Village Green Terrace,[정호연 착용] 우먼즈 데님 미니 스커트 [워시드 블랙],3,2022-04-19 23:29
499,87,신용카드,comspotifyBiodex,499000,kharsbz,0 Northport Drive,스윙 플리츠 스커트,5,2022-04-19 23:44
500,88,신용카드,comspotifyZontrax,149700,msesonsch,7 Warbler Place,High-Waist H Line Skirt_Navy,5,2022-04-19 23:48
501,94,신용카드,comspringerFlowdesk,199500,cwadhammv,5 Fairview Junction,Peekaboo Lowrise Skort Black Pin Stripe,4,2022-04-20 23:32
502,95,무통장입금,comspringerTresZap,418600,sallmondg5,350 8th Point,[NF] 데님 플리츠 벨트 스커트 (BLK)_F21QC023,4,2022-04-20 23:33
503,96,무통장입금,comsquarespaceRank,319200,amates27,8 Mitchell Alley,볼드 플리츠 숏 스커트 브라운,4,2022-04-20 23:44
504,97,신용카드,comsquarespaceZathin,249500,gwhitefootc2,659 Acker Hill,여성 플리츠 스커트 (DN12WFSK32),4,2022-04-21 10:36
505,98,신용카드,comsquidooYSolowarm,49900,hbalamhe,3 Spaight Trail,스윙 플리츠 숏 스커트 오렌지,5,2022-04-21 10:43
506,94,신용카드,comstatcounterAlpha,49900,gjoselson5y,39396 Riverside Plaza,서머 포켓 스커트 네이비,4,2022-04-21 10:44
507,94,무통장입금,comstatcounterProdder,49900,hkaines4q,80795 American Ash Court,[22SS clove] Pleated 블루 스커트,5,2022-04-21 10:45
508,94,무통장입금,comstorifyAsoka,49900,ldurtnalloe,8488 Westerfield Circle,CLGR Banding Flare 스커트,5,2022-04-21 10:59
509,94,무통장입금,comstorifyRegrant,49900,jtwycrossii,4312 Mandrake Court,우먼즈 데님 미니 스커트 [라이트 인디고],5,2022-04-21 10:59
510,94,무통장입금,comstorifyStringtough,49900,kgirardins,46619 La Follette Terrace,컬러블록 플리츠 스커트_레드,3,2022-04-21 10:59
511,95,무통장입금,comstudiopressFlexidy,39900,araineh,04163 Pankratz Place,[윔블던 에디션] 폴리 스트레치 스커트 - 화이트,4,2022-04-21 10:59
512,95,무통장입금,comstudiopressZontrax,49900,ajuckesn6,929 Schiller Junction,키르시 로우 웨이스트 플리츠 스커트 [베이지],3,2022-04-21 11:00
513,95,무통장입금,comstumbleuponTresZap,49900,tdezuanidb,0 Cascade Parkway,메쉬 플라워 스커트 (White),4,2022-04-21 11:49
514,95,신용카드,comstumbleuponVoltsillam,49900,atallowin32,278 Colorado Hill,스트라이프 플리츠 니트 스커트 네이비,3,2022-04-21 15:07
515,96,신용카드,comstumbleuponYfind,49900,mvannah43,383 Heffernan Center,여성 테니스 미드 플리츠 스커트 JF007E-52G 001,3,2022-04-21 16:06
516,96,신용카드,comsunSubin,49900,srammelloo,29237 Dixon Center,[22SS clove] Pleated 스커트 (Navy),3,2022-04-22 19:16
517,97,신용카드,comsurveymonkeyFix San,49900,hlaurentyom,98434 Aberg Pass,Peekaboo Lowrise Skort Gray Pin Stripe 스커트,5,2022-04-24 1:23
518,106,신용카드,comsurveymonkeyOpela,49900,crooksbyhu,9350 Basil Road,[정호연 착용] 우먼즈 데님 미니 스커트 [워시드 블랙],4,2022-04-24 14:10
519,107,신용카드,comsymantecBitchip,49900,lsimonyni,80620 Forest Parkway,스윙 플리츠 스커트,4,2022-04-24 14:17
520,108,신용카드,comtaobaoBytecard,49900,ksainsburybrownbm,4589 Coolidge Pass,High-Waist H Line Skirt_Navy,4,2022-04-24 14:17
521,109,무통장입금,comtaobaoLatlux,49900,mmansoura0,7496 Killdeer Parkway,Peekaboo Lowrise Skort Black Pin Stripe,4,2022-04-24 14:18
522,110,신용카드,comtaobaoTrippledex,49900,mrhymes7x,25127 Merry Circle,[NF] 데님 플리츠 벨트 스커트 (BLK)_F21QC023,4,2022-04-24 14:21
523,106,신용카드,comtechnoratiRank,49900,mamerighinh,3226 Knutson Pass,볼드 플리츠 숏 스커트 브라운,4,2022-04-27 21:39
524,107,신용카드,comtechnoratiZaamDox,49900,hkabschaf,0953 Gulseth Parkway,여성 플리츠 스커트 (DN12WFSK32),4,2022-04-19 23:16
525,108,신용카드,comtedFlowdesk,49900,mhamflett3n,5489 Melby Plaza,스윙 플리츠 숏 스커트 오렌지,4,2022-04-19 23:29
526,109,신용카드,comtedVoyatouch,49900,araoul9w,31 Hayes Center,서머 포켓 스커트 네이비,5,2022-04-19 23:29
527,110,신용카드,comtheatlanticHatity,499000,celijahd7,06 Stuart Plaza,[22SS clove] Pleated 블루 스커트,3,2022-04-19 23:44
528,106,신용카드,comtheatlanticTempsoft,149700,cmacallen7q,5804 Cottonwood Terrace,CLGR Banding Flare 스커트,3,2022-04-19 23:48
529,107,신용카드,comtheatlanticYSolowarm,199500,jarrigo4l,3 Daystar Trail,우먼즈 데님 미니 스커트 [라이트 인디고],5,2022-04-20 23:32
530,108,무통장입금,comtheguardianLotstring,418600,abrownleaf7,68 Clarendon Terrace,컬러블록 플리츠 스커트_레드,5,2022-04-20 23:33
531,109,무통장입금,comtimeBitchip,319200,cbuckellcb,12374 Grim Point,[윔블던 에디션] 폴리 스트레치 스커트 - 화이트,4,2022-04-20 23:44
532,110,신용카드,comtimeQuo Lux,249500,astansfield2a,2995 Russell Street,키르시 로우 웨이스트 플리츠 스커트 [베이지],4,2022-04-21 10:36
533,106,신용카드,comtinypicMatsoft,49900,atrevers7k,9 Lukken Alley,메쉬 플라워 스커트 (White),5,2022-04-21 10:43
534,107,신용카드,comtinypicTresom,49900,nboggis3e,985 Farragut Court,스트라이프 플리츠 니트 스커트 네이비,3,2022-04-21 10:44
535,108,무통장입금,comtinyurlGembucket,49900,rcoen1,6 Johnson Drive,여성 테니스 미드 플리츠 스커트 JF007E-52G 001,5,2022-04-21 10:45
536,109,무통장입금,comtmallAndalax,49900,jlongo3r,65980 Truax Junction,[22SS clove] Pleated 스커트 (Navy),5,2022-04-21 10:59
537,110,무통장입금,comtopsySubin,49900,tdienese3,815 Gina Crossing,Peekaboo Lowrise Skort Gray Pin Stripe 스커트,5,2022-04-21 10:59
538,106,무통장입금,comtopsyToughjoyfax,49900,nbullimore2c,090 Gateway Pass,[정호연 착용] 우먼즈 데님 미니 스커트 [워시드 블랙],5,2022-04-21 10:59
539,106,무통장입금,comtrellianGreenlam,39900,dlufkinhw,330 Florence Center,스윙 플리츠 스커트,5,2022-04-21 10:59
540,106,무통장입금,comtrellianSonair,49900,eparelldz,9 Heffernan Terrace,High-Waist H Line Skirt_Navy,4,2022-04-21 11:00
541,106,무통장입금,comtripadvisorAndalax,49900,cgarberfp,56907 Lawn Trail,Peekaboo Lowrise Skort Black Pin Stripe,5,2022-04-19 23:16
542,106,신용카드,comtripadvisorDaltfresh,49900,akingzetho2,125 Sachs Place,[NF] 데님 플리츠 벨트 스커트 (BLK)_F21QC023,4,2022-04-19 23:29
543,110,신용카드,comtripadvisorOtcom,49900,mnelmgo,61804 Sunfield Lane,볼드 플리츠 숏 스커트 브라운,4,2022-04-19 23:29
544,110,신용카드,comtripadvisorSubin,49900,jkornousekfe,55 Coolidge Pass,여성 플리츠 스커트 (DN12WFSK32),3,2022-04-19 23:44
545,110,신용카드,comtripadvisorZathin,49900,sfieldgateib,798 Bluestem Pass,스윙 플리츠 숏 스커트 오렌지,5,2022-04-19 23:48
546,110,신용카드,comtripodStringtough,49900,mkempson4r,8 Golf View Place,서머 포켓 스커트 네이비,4,2022-04-20 23:32
547,109,신용카드,comtumblrKonklab,49900,nslimonls,2778 Macpherson Trail,[22SS clove] Pleated 블루 스커트,5,2022-04-20 23:33
548,109,신용카드,comtwitpicAlphazap,49900,ibennen6u,8 Badeau Junction,CLGR Banding Flare 스커트,4,2022-04-20 23:44
549,109,무통장입금,comtwitpicMat Lam Tam,49900,tbrockingtonbl,1134 Green Way,우먼즈 데님 미니 스커트 [라이트 인디고],5,2022-04-21 10:36
550,108,신용카드,comtwitpicStringtough,49900,rsnibson25,852 Hansons Park,컬러블록 플리츠 스커트_레드,4,2022-04-21 10:43
551,108,신용카드,comtwitterStim,49900,lfairebrother92,53 Lighthouse Bay Pass,[윔블던 에디션] 폴리 스트레치 스커트 - 화이트,5,2022-04-21 10:44
552,107,신용카드,comtwitterTresZap,49900,skieltyi9,5172 Spaight Trail,키르시 로우 웨이스트 플리츠 스커트 [베이지],4,2022-04-21 10:45
553,114,신용카드,comtypepadOpela,49900,ghaysey6i,9349 Briar Crest Avenue,메쉬 플라워 스커트 (White),5,2022-04-21 10:59
554,115,신용카드,comtypepadTampflex,49900,braump,75 Carioca Junction,스트라이프 플리츠 니트 스커트 네이비,3,2022-04-21 10:59
555,116,신용카드,comucozHatity,499000,lgaughanm0,7 Milwaukee Lane,여성 테니스 미드 플리츠 스커트 JF007E-52G 001,3,2022-04-21 10:59
556,117,신용카드,comucozRank,149700,hdanaher6o,3678 Main Trail,SL01 시밀러 린넨 데님 와이드 팬츠 (RAW INDIGO),3,2022-04-21 10:59
557,118,신용카드,comucozZoolab,199500,heversleyld,50 Lakewood Gardens Road,와이드 데님 팬츠 (BLEACH),5,2022-04-21 11:00
558,114,무통장입금,comusatodayFix San,418600,lkibble2w,5582 Springview Drive,TC2-PT02 인디고 스트링 팬츠,3,2022-04-21 11:49
559,115,무통장입금,comusnewsTemp,319200,eshaudfurthjj,12415 Melby Trail,와이드 크링클 데님 팬츠 (인디고),3,2022-04-21 15:07
560,116,신용카드,comusnewsVoltsillam,249500,vbendigo1,17483 Harbort Circle,브루클린 뉴트로 와이드 워시드 데님 팬츠,4,2022-04-21 16:06
561,117,신용카드,comvimeoSonair,49900,fbeakaw,3 Tennessee Hill,모어 와이드 데님 팬츠 (RAW INDIGO),5,2022-04-22 19:16
562,118,신용카드,comvinaoraFixflex,49900,fgrunnill68,9064 Northfield Terrace,와이드 데님 팬츠 (R.INDIGO),4,2022-04-24 1:23
563,114,무통장입금,comvinaoraViva,49900,eabramovicq9,62 Packers Way,시티보이 투 턱 와이드 데님팬츠 딥블루,5,2022-04-24 14:10
564,114,무통장입금,comvistaprintVagram,49900,rbeterissm8,219 Tennessee Center,아수라 데님 스웻 팬츠_연청,3,2022-04-24 14:17
565,114,무통장입금,comvkDaltfresh,49900,gjoirishl,03 Bartelt Place,와이드 린넨 데님팬츠_인디고,3,2022-04-24 14:17
566,114,무통장입금,comvkViva,49900,jvidean4w,91 Gale Crossing,SL02 시밀러 린넨 데님 원턱 팬츠 (RAW INDIGO),3,2022-04-24 14:18
567,114,무통장입금,comwalmartSubin,39900,gpeet7t,6992 Westport Place,깡 스타일리스트 x 플랙 스티즈 K48 딥 워시드,3,2022-04-24 14:21
568,115,무통장입금,comwashingtonpostBytecard,49900,kglenister16,89162 Dixon Way,3,5,2022-04-27 21:39
569,115,무통장입금,comwashingtonpostFintone,49900,rkilmartinne,947 Calypso Hill,LIGHT BLUE SEMI WIDE(세미와이드핏),3,2022-04-19 23:16
570,115,신용카드,comwashingtonpostFlexidy,49900,ahradskyev,2291 Ridgeview Drive,생지 와이드 핏 팬츠_INDIGO,5,2022-04-19 23:29
571,116,신용카드,comwashingtonpostLotstring,49900,slemmer74,03 Luster Road,디스트로이드 스트레이트 롱 와이드 데님_blue,5,2022-04-19 23:29
572,116,신용카드,comweatherRedhold,49900,frablinik,35 Onsgard Hill,밴딩 데님 팬츠 DP L902,3,2022-04-19 23:44
573,117,신용카드,comweatherSubEx,49900,elodo1z,8266 Bartillon Circle,릴렉스드 와이드 생지 데님 팬츠,3,2022-04-19 23:48
574,114,신용카드,comwebmdOtcom,49900,trickardesav,31 Cordelia Park,[데일리지] 쿨 와이드 진_SPTJC25C51,3,2022-04-20 23:32
575,115,신용카드,comwebmdSonair,49900,cmacrannell50,71 Crest Line Plaza,써머  세미 와이드 린넨 데님 밴딩 팬츠  - 데님,3,2022-04-20 23:33
576,116,신용카드,comwebmdStringtough,49900,dmccarliem,2 Cody Trail,[썸머ver.]트위스트 커브드 와이드 밴딩 데님 팬츠_Indigo,2,2022-04-20 23:44
577,117,무통장입금,comwebnodeSubin,49900,gkyberd5z,7 Delladonna Point,스티치 카펜터 팬츠 - 블루,5,2022-04-21 10:36
578,118,신용카드,comwebsSpan,49900,tmcleary8s,392 Tony Crossing,Damage 513 크리스 디스 롱와이드 데님팬츠 damage blue,4,2022-04-21 10:43
579,114,신용카드,comweeblyAlpha,49900,scarlettiqw,4383 Nancy Trail,[데일리지] 쿨 와이드 진_SPTJC25G51,3,2022-04-21 10:44
580,115,신용카드,comweiboTresom,49900,hthresherk8,112 Cottonwood Way,벌룬핏 데님 와이드 팬츠 (R.INDIGO),4,2022-04-21 10:45
581,116,신용카드,comweiboVeribet,49900,tbevanj3,5 Bartelt Pass,[린넨데님]COCL 내추럴 와이드 린넨 데님 쇼츠 인디고블루 COOSPT195I.BLUE,4,2022-04-21 10:59
582,117,신용카드,comwikiaDuobam,49900,ngehrtsj5,01265 Anzinger Junction,W 카버 7801 하이웨이스트 세미와이드핏 다크인디고 데님팬츠,4,2022-04-21 10:59
583,118,신용카드,comwikiaZaamDox,499000,jrignoldes7i,39 Atwood Drive,유니섹스 벨티드 버뮤다 데님 팬츠 - 블루,3,2022-04-21 10:59
584,114,신용카드,comwikispacesAndalax,149700,bverlindenon,93484 Hintze Trail,M2099 원턱 와이드 워시드 데님 팬츠,3,2022-04-21 10:59
585,114,무통장입금,comwikispacesRedhold,199500,ftipperbq,8 Packers Hill,V153 라이트웨이트 인디고 데님 팬츠,3,2022-04-21 11:00
586,114,무통장입금,comwiredCardguard,418600,teganjx,05 Carpenter Point,벨티드 하프 리넨 데님_다크블루,5,2022-04-19 23:16
587,114,신용카드,comwiredHoldlamis,319200,fdreng18,144 Maple Circle,테이퍼드핏 데님 팬츠 DP T908,3,2022-04-19 23:29
588,114,신용카드,comwiredIt,249500,agrishenkov7c,1 Bonner Center,스탠다드 진 라이트 블루,5,2022-04-19 23:29
589,115,신용카드,comwiredKonklab,49900,bboniface5i,69 Bartillon Junction,TC1-DN2104 와이드 오가닉 데님,3,2022-04-19 23:44
590,115,무통장입금,comwixCardify,49900,aweatherdonnf,3889 Declaration Lane,라인 워싱 와이드 데님 팬츠 [블루],4,2022-04-19 23:48
591,115,무통장입금,comwixOpela,49900,esapsheda9,5400 Hovde Point,와이드 카고 하프 데님 팬츠 (인디고),3,2022-04-20 23:32
592,116,무통장입금,comwixZontrax,49900,fthredder7m,6721 Laurel Plaza,와이드 카고 데님 팬츠 (인디고),5,2022-04-20 23:33
593,116,무통장입금,comwoothemesAlphazap,49900,nmacneilll8,74 Bayside Drive,루즈테이퍼드 데님 팬츠 Dark Used,5,2022-04-20 23:44
594,117,무통장입금,comwoothemesFlexidy,49900,bkhomichn2,4 Dawn Hill,618 생지데님 (이염방지 원단 제작),3,2022-04-21 10:36
595,114,무통장입금,comwoothemesZaamDox,39900,mellicombeeu,8528 Pierstorff Terrace,BLACK SEMI WIDE(세미 와이드핏),2,2022-04-21 10:43
596,115,무통장입금,comwpQuo Lux,49900,mmacsharrydq,7 Anthes Point,마리오 와이드 데님 부츠컷,4,2022-04-21 10:44
597,116,신용카드,comwpSubEx,49900,sspragg5q,46232 North Junction,아수라 딥턱 스웻 팬츠_챠콜&블랙,5,2022-04-21 10:45
598,117,신용카드,comwsjFix San,49900,dtidcombnv,40 Moulton Trail,블랙스노우 와이드 데님 팬츠,5,2022-04-21 10:59
599,118,신용카드,comwufooBytecard,49900,mlongthornky,0270 Moulton Place,원턱 데님 팬츠[Middle Blue],3,2022-04-21 10:59
600,114,신용카드,comwufooOtcom,49900,aeisikowitznn,65775 Norway Maple Plaza,원 턱 와이드 데님 팬츠 (인디고),4,2022-04-21 10:59
601,115,신용카드,comwundergroundKonklab,49900,pclearsag,63849 Maple Lane,원 턱 와이드 진 블루,4,2022-04-21 10:59
602,116,신용카드,comwundergroundSonsing,49900,czukiermankh,53284 Ohio Parkway,SL01 시밀러 린넨 데님 와이드 팬츠 (RAW INDIGO),3,2022-04-21 11:00
603,117,신용카드,comxinhuanetOpela,49900,dwadmanoq,2893 Grasskamp Drive,와이드 데님 팬츠 (BLEACH),5,2022-04-21 11:49
604,118,무통장입금,comxinhuanetVeribet,49900,hratchford8r,1180 Mifflin Trail,TC2-PT02 인디고 스트링 팬츠,5,2022-04-21 15:07
605,114,신용카드,comycombinatorRonstring,49900,gbarnes6n,64424 Towne Parkway,와이드 크링클 데님 팬츠 (인디고),5,2022-04-21 16:06
606,114,신용카드,comyellowbookProdder,49900,dgladdingmg,2477 Sloan Park,브루클린 뉴트로 와이드 워시드 데님 팬츠,3,2022-04-22 19:16
607,114,신용카드,comyellowpagesHatity,49900,mwimbridgeg8,798 Russell Hill,모어 와이드 데님 팬츠 (RAW INDIGO),4,2022-04-24 1:23
608,114,신용카드,comyellowpagesTin,49900,btopleyq,4873 Fallview Crossing,와이드 데님 팬츠 (R.INDIGO),3,2022-04-24 14:10
609,114,신용카드,comyelpKonklab,49900,ltrentec,17443 Northland Circle,시티보이 투 턱 와이드 데님팬츠 딥블루,4,2022-04-24 14:17
610,115,신용카드,comyolasiteAsoka,49900,dmeralijh,6552 Colorado Court,아수라 데님 스웻 팬츠_연청,5,2022-04-24 14:17
611,115,신용카드,comyolasiteFixflex,499000,pjerzycowskilh,4 Johnson Center,와이드 린넨 데님팬츠_인디고,5,2022-04-24 14:18
612,115,신용카드,comyolasiteTrippledex,149700,lpenninibv,4 Sachs Crossing,SL02 시밀러 린넨 데님 원턱 팬츠 (RAW INDIGO),5,2022-04-24 14:21
613,116,무통장입금,comyoukuKonklux,199500,mbeginbe,0 Cambridge Pass,깡 스타일리스트 x 플랙 스티즈 K48 딥 워시드,3,2022-04-27 21:39
614,116,무통장입금,comyoukuVoyatouch,418600,ddew79,38 Heath Trail,4,5,2022-04-19 23:16
615,117,신용카드,comyoutubeFlexidy,319200,lavory7f,06416 Waxwing Alley,LIGHT BLUE SEMI WIDE(세미와이드핏),5,2022-04-19 23:29
616,114,신용카드,comzdnetDomainer,249500,mbulwarddy,3802 Coolidge Circle,생지 와이드 핏 팬츠_INDIGO,4,2022-04-19 23:29
617,115,신용카드,comzdnetRank,49900,glepine8e,080 Hayes Place,디스트로이드 스트레이트 롱 와이드 데님_blue,3,2022-04-19 23:44
618,116,무통장입금,comzdnetZamit,49900,afuryhb,3 Fuller Point,밴딩 데님 팬츠 DP L902,3,2022-04-19 23:48
619,117,무통장입금,comzdnetZathin,49900,emonshall31,2 Calypso Court,릴렉스드 와이드 생지 데님 팬츠,3,2022-04-20 23:32
620,118,무통장입금,comzimbioCardify,49900,ljillionsel,8 New Castle Alley,[데일리지] 쿨 와이드 진_SPTJC25C51,5,2022-04-20 23:33
621,114,무통장입금,comzimbioVagram,49900,aglasmanj8,8 Anderson Crossing,써머  세미 와이드 린넨 데님 밴딩 팬츠  - 데님,5,2022-04-20 23:44
622,115,무통장입금,cotHome Ing,49900,dlattie2n,4 Brown Place,[썸머ver.]트위스트 커브드 와이드 밴딩 데님 팬츠_Indigo,3,2022-04-21 10:36
623,116,무통장입금,cotToughjoyfax,39900,ddikelsnl,5 Donald Crossing,스티치 카펜터 팬츠 - 블루,3,2022-04-21 10:43
624,117,무통장입금,czphocaOpela,49900,kbener7b,72807 Banding Terrace,Damage 513 크리스 디스 롱와이드 데님팬츠 damage blue,2,2022-04-21 10:44
625,118,신용카드,czphocaTresZap,49900,bwhitesoney,64957 Sachtjen Hill,[데일리지] 쿨 와이드 진_SPTJC25G51,4,2022-04-21 10:45
626,114,신용카드,cztoplistViva,49900,apassmorek6,665 Cardinal Court,벌룬핏 데님 와이드 팬츠 (R.INDIGO),4,2022-04-21 10:59
627,114,신용카드,de1und1TresZap,49900,malgore1e,188 Mcguire Street,[린넨데님]COCL 내추럴 와이드 린넨 데님 쇼츠 인디고블루 COOSPT195I.BLUE,4,2022-04-21 10:59
628,114,신용카드,deamazonAlpha,49900,dleftbridgeqz,19291 Center Parkway,W 카버 7801 하이웨이스트 세미와이드핏 다크인디고 데님팬츠,4,2022-04-21 10:59
629,114,신용카드,deamazonSubEx,49900,mfarnongp,8 Manitowish Way,유니섹스 벨티드 버뮤다 데님 팬츠 - 블루,2,2022-04-21 10:59
630,114,신용카드,deamazonVentosanzap,49900,fbeagrie11,74 Vernon Crossing,M2099 원턱 와이드 워시드 데님 팬츠,4,2022-04-21 11:00
631,115,신용카드,deamazonZaamDox,49900,tkayea6,9344 Porter Parkway,V153 라이트웨이트 인디고 데님 팬츠,4,2022-04-19 23:16
632,115,무통장입금,deerecht24Bitchip,49900,estobbart12,572 Hintze Terrace,벨티드 하프 리넨 데님_다크블루,4,2022-04-19 23:29
633,115,신용카드,degoogleAerified,49900,schestersoh,687 Karstens Drive,테이퍼드핏 데님 팬츠 DP T908,5,2022-04-19 23:29
634,116,신용카드,degoogleStronghold,49900,emikalskik3,11 Buell Junction,스탠다드 진 라이트 블루,5,2022-04-19 23:44
635,116,신용카드,degoogleSubEx,49900,hminguetp4,6 Dunning Point,TC1-DN2104 와이드 오가닉 데님,4,2022-04-19 23:48
636,117,신용카드,despiegelBamity,49900,mdorantl3,79 Sutteridge Center,라인 워싱 와이드 데님 팬츠 [블루],5,2022-04-20 23:32
637,114,신용카드,despiegelMatsoft,49900,bgasnoll61,142 Huxley Street,와이드 카고 하프 데님 팬츠 (인디고),3,2022-04-20 23:33
638,115,신용카드,despiegelQuo Lux,49900,fgreenoughht,836 Laurel Parkway,와이드 카고 데님 팬츠 (인디고),3,2022-04-20 23:44
639,116,신용카드,detonlineRedhold,499000,lbriant6e,640 Coleman Park,루즈테이퍼드 데님 팬츠 Dark Used,5,2022-04-21 10:36
640,117,신용카드,detonlineTemp,149700,kdanilenkoju,20 Killdeer Drive,618 생지데님 (이염방지 원단 제작),3,2022-04-21 10:43
641,118,무통장입금,eduarizonaDuobam,199500,jcellierb2,924 Stuart Place,BLACK SEMI WIDE(세미 와이드핏),5,2022-04-21 10:44
642,114,무통장입금,eduarizonaGembucket,418600,wvaleri29,083 Melody Street,마리오 와이드 데님 부츠컷,5,2022-04-21 10:45
643,115,신용카드,eduberkeleyCardify,319200,jlangsbury5v,76 Maywood Way,아수라 딥턱 스웻 팬츠_챠콜&블랙,3,2022-04-21 10:59
644,116,신용카드,eduberkeleyLatlux,249500,klowlem2,39 Mayer Plaza,블랙스노우 와이드 데님 팬츠,5,2022-04-21 10:59
645,117,신용카드,eduberkeleyTresZap,49900,bfasham3p,294 Declaration Lane,원턱 데님 팬츠[Middle Blue],4,2022-04-21 10:59
646,118,무통장입금,eduberkeleyWrapsafe,49900,mseabrookin,93992 Crescent Oaks Drive,원 턱 와이드 데님 팬츠 (인디고),5,2022-04-21 10:59
647,114,무통장입금,educolumbiaAlphazap,49900,vpantoneq3,07 Arrowood Center,원 턱 와이드 진 블루,5,2022-04-21 11:00
648,114,무통장입금,educolumbiaFix San,49900,mstallard14,63 Birchwood Drive,사인 로고 후드 블랙,4,2022-04-21 11:49
649,114,무통장입금,educolumbiaFixflex,49900,kposcheln3,78 Longview Junction,사인 로고 후드 그레이,4,2022-04-21 15:07
650,114,무통장입금,educolumbiaHatity,49900,kbrocketty,60823 Arkansas Parkway,로그 오버핏 기모 후드 그레이 YHHD2302,4,2022-04-21 16:06
651,114,무통장입금,educolumbiaLotlux,39900,dsloegravem4,4418 Evergreen Circle,엔젤 와펜 후드 그레이,3,2022-04-22 19:16
652,115,무통장입금,educolumbiaTresZap,49900,lwitherspoongy,6 Prairie Rose Plaza,제이윈 덤블 기모후드 그레이(KHHD0748),4,2022-04-24 1:23
653,115,신용카드,educolumbiaVoltsillam,49900,mnijs5c,0 Ilene Center,[패키지]제이윈 덤블 기모후드 패키지(KHHD0748),5,2022-04-24 14:10
654,115,신용카드,educornellRank,49900,lbosheregz,37171 Fieldstone Plaza,빅 트위치 루즈핏 후디 네이비,5,2022-04-24 14:17
655,116,신용카드,eduharvardKonklab,49900,eantonssonof,4 Hanson Circle,[22SS] 뉴필드 후드 남색 SMHD4457,4,2022-04-24 14:17
656,116,신용카드,eduharvardMatsoft,49900,cpauleitfn,4018 Mariners Cove Way,스탠다드 후드 스웨트 셔츠 - 멜란지 그레이,4,2022-04-24 14:18
657,117,신용카드,eduharvardSonsing,49900,cvipan1p,368 Fairfield Way,어센틱 로고 후디 멜란지 그레이,4,2022-04-24 14:21
658,114,신용카드,eduharvardStronghold,49900,squiltyal,28389 Kensington Junction,[피로pick] TAG KEEP HOODIE - BLACK,4,2022-04-27 21:39
659,115,신용카드,eduillinoisMat Lam Tam,49900,mpoyneres,547 Mockingbird Avenue,엔젤 와펜 후드 블랙,3,2022-04-19 23:16
660,116,무통장입금,eduillinoisVoyatouch,49900,cskellington57,64610 West Place,미시간 울버린 피그먼트 후드티 블랙 차콜,2,2022-04-19 23:29
661,117,신용카드,edumitZoolab,49900,dfromemw,5145 Carberry Trail,[패키지]제이 양기모후드 패키지(HJHD2050),5,2022-04-19 23:29
662,118,신용카드,edunyuAlpha,49900,ogoodyearco,774 Sycamore Trail,950g 오리지널무지 기모후드 OGHD1931,4,2022-04-19 23:44
663,114,신용카드,edunyuBamity,49900,cjenking7e,20 Michigan Circle,ODSD 로고 아플리케 후드 - 8COLOR,4,2022-04-19 23:48
664,115,신용카드,eduprincetonDomainer,49900,wcoverlynb9,6 Glendale Hill,2 TONE ARCH HOODIE NAVY,3,2022-04-20 23:32
665,116,신용카드,eduprincetonLotstring,49900,agasnelll2,491 Hollow Ridge Plaza,스몰 사인 로고 후드 그레이,3,2022-04-20 23:33
666,117,신용카드,eduprincetonStim,49900,psheardownma,7470 Ridgeway Place,스몰 트위치 오버핏 후디 그레이,4,2022-04-20 23:44
667,118,신용카드,eduprincetonSubEx,499000,hhalleyh1,0 Hayes Terrace,빅 트위치 루즈핏 후디 그레이,3,2022-04-21 10:36
668,114,무통장입금,edusiBitwolf,149700,gbousfielda8,35 Fieldstone Lane,후디드 스웨트셔츠 [멜란지 그레이],5,2022-04-21 10:43
669,114,무통장입금,edusiIt,199500,hgrishanin0,18 Sunbrook Road,잇 저스트 마이 후디[블랙],4,2022-04-21 10:44
670,114,신용카드,edustanfordRegrant,418600,misardce,2228 Dennis Pass,후디드 스웨트셔츠 [블랙],5,2022-04-21 10:45
671,114,신용카드,edutamuKonklux,319200,edelia73,62 Northland Court,에센셜 후드 스웻 셔츠 (BLACK),4,2022-04-21 10:59
672,114,신용카드,eduuclaIt,249500,egarrow2r,8 Hansons Trail,S700 파워블랜드 풀오버 무지 후드티,5,2022-04-21 10:59
673,115,무통장입금,eduuclaStringtough,49900,rspurq2,825 Mallory Crossing,[패키지] 로그 오버핏 기모 후드 7종 2Pack YHHD2302,4,2022-04-21 10:59
674,115,무통장입금,eduucsdGreenlam,49900,fcauderlie8l,18 Carpenter Court,로그 오버핏 기모 후드 블랙 YHHD2302,3,2022-04-21 10:59
675,115,무통장입금,eduucsdLotlux,49900,ghannay9u,7830 Schmedeman Circle,해비 코튼 썸홀 후디 : 12color,3,2022-04-21 11:00
676,116,무통장입금,eduucsdVentosanzap,49900,dmickleburghj7,52782 Butterfield Circle,[S700BK] 더블 드라이 에코 플리스 풀업후드-블랙,2,2022-04-19 23:16
677,116,무통장입금,eduuiucLotlux,49900,lmorkhambw,596 Bultman Road,사인 로고 후드 네이비,4,2022-04-19 23:29
678,117,무통장입금,eduumichMat Lam Tam,49900,hsmeeton46,7 Fisk Circle,스몰 사인 로고 후드 블랙,5,2022-04-19 23:29
679,114,무통장입금,eduumnAerified,39900,mhilliam3c,98827 Morningstar Avenue,헤비웨이트 오버사이즈 후디드 스웨트셔츠 [미디엄 그레이],3,2022-04-19 23:44
680,115,신용카드,eduumnTin,49900,nhandy3v,12516 Bartillon Circle,레터링 타투 후드 기모 블랙,4,2022-04-19 23:48
681,116,신용카드,eduuncFintone,49900,ebresnahan78,18 Vermont Park,빅 트위치 루즈핏 후디 블랙,5,2022-04-20 23:32
682,117,신용카드,eduuncIt,49900,sfaynei5,5058 Shasta Alley,베이직 기모 후드티 그레이,5,2022-04-20 23:33
683,118,신용카드,eduuncMatsoft,49900,ibellame4,023 Summer Ridge Way,헤비웨이트 오버사이즈 후디드 스웨트셔츠 [블랙],2,2022-04-20 23:44
684,114,신용카드,eduupennLotlux,49900,jboutflourgq,00 Blue Bill Park Way,푸마 X 아미 후드 티셔츠 - 라이트 그레이 / 534069-04,3,2022-04-21 10:36
685,115,신용카드,eduupennStringtough,49900,cdupreee,60086 Hallows Junction,베츠 어센틱 후드 그레이,3,2022-04-21 10:43
686,116,신용카드,eduutexasBitwolf,49900,lsurmeir60,47134 Montana Plaza,아크 로고 후디 (네이비),5,2022-04-21 10:44
687,117,무통장입금,eduutexasLotstring,49900,bketteringham5h,740 Esch Point,어센틱 로고 후디 블랙,3,2022-04-21 10:45
688,118,신용카드,eduutexasNamfix,49900,aduckerhk,269 Forest Run Way,스탠다드 후드 스웨트 셔츠 - 블랙_소매 와펜 ver.,5,2022-04-21 10:59
689,114,신용카드,eduutexasTin,49900,jpallisterng,42 Debra Lane,어센틱 로고 후디 네이비,5,2022-04-21 10:59
690,114,신용카드,eduvirginiaTemp,49900,jbarajafq,92 Westerfield Crossing,C 로고 후디 네이비,4,2022-04-21 10:59
691,114,신용카드,eduwashingtonBytecard,49900,wsideygt,4318 Monument Crossing,슈무 후디 - 블랙 / GD3544,5,2022-04-21 10:59
692,114,신용카드,eduwashingtonOtcom,49900,kpicardoph,8 Randy Circle,[SET] 헤비웨이트 CGP 아치 로고 트레이닝 셋업_멜란지그레이,3,2022-04-21 11:00
693,114,신용카드,eduwashingtonPannier,49900,abraidcj,142 Kennedy Center,슬레이크 후드 네이비 HHHD3397,4,2022-04-21 11:49
694,115,신용카드,eduwashingtonSonsing,49900,fstonhard62,966 Moulton Parkway,로고&스마일리 후디 화이트(IK2CSMM400A),4,2022-04-21 15:07
695,115,신용카드,eduyaleCardguard,499000,isommervillex,602 Pepper Wood Circle,[기모] Geppetto 자수 후드 크림,4,2022-04-21 16:06
696,115,무통장입금,esgoogleAndalax,149700,mredheadcw,1493 Kedzie Place,C 로고 후디 블랙,3,2022-04-22 19:16
697,116,무통장입금,esgoogleNamfix,199500,nbelliov,39252 Nobel Alley,스몰 트위치 오버핏 후디 블랙,2,2022-04-24 1:23
698,116,신용카드,esgoogleViva,418600,meveling6h,84 Katie Trail,[22SS] 뉴필드 후드 회색 SMHD4457,4,2022-04-24 14:10
699,117,신용카드,esgoogleYSolowarm,319200,vmatthiae70,83942 Pleasure Pass,아크 로고 후디 (그레이),3,2022-04-24 14:17
700,265,신용카드,eueuropaTresZap,249500,wshearbb,2 Summer Ridge Way,사인 로고 후드 아이보리,3,2022-04-24 14:17
701,266,무통장입금,fmlastFintone,49900,mburgum5o,012 Coleman Drive,빅 트위치 루즈핏 후디 아이보리,4,2022-04-24 14:18
702,267,무통장입금,fmlastProdder,49900,jhamsteadd8,051 Dexter Road,잇 저스트 마이 후디[그레이],4,2022-04-24 14:21
703,268,무통장입금,fmlastTampflex,49900,jkee7s,255 Cody Street,에센셜 후드 스웻 셔츠 (CHARCOAL),3,2022-04-27 21:39
704,269,무통장입금,frfreeAerified,49900,ksussems6j,55741 Independence Point,C 로고 후디 그레이,5,2022-04-19 23:16
705,270,무통장입금,frfreeStim,49900,arangalldk,14 Chinook Way,트윌 아치 로고 후디 네이비,4,2022-04-19 23:29
706,265,무통장입금,frgoogleBamity,49900,cpilburyge,684 Maple Pass,[22SS] 뉴필드 후드 백오트밀 SMHD4457,3,2022-04-19 23:29
707,266,무통장입금,frgoogleCardguard,39900,mmcleman8d,6 Pennsylvania Street,시그니쳐 로고 후드 그레이,4,2022-04-19 23:44
708,267,신용카드,frgoogleHoldlamis,49900,cvazi7,6557 Portage Terrace,페이스 로고 엠브로이더드 후디 (오렌지),4,2022-04-19 23:48
709,268,신용카드,frgoogleJob,49900,pburdellhp,49718 Buell Crossing,(2PACK) S700 파워블랜드 풀오버 무지 후드티,4,2022-04-20 23:32
710,269,신용카드,frgoogleTresom,49900,ggoodissoncf,4734 Hintze Park,헤비 코튼 오버 럭비 맨투맨 _Midnight Blue,3,2022-04-20 23:33
711,270,신용카드,frpagespersoorangeVentosanzap,49900,jbefroylc,9337 Kenwood Park,베츠 어센틱 맨투맨 그레이,4,2022-04-20 23:44
712,265,신용카드,gdisRank,49900,srainvilleqy,09 Vermont Center,로코 피그먼트 리버시블 헤비 맨투맨 (다크그레이),5,2022-04-21 10:36
713,265,신용카드,glgooLotlux,49900,mhalpeng7,0666 Lindbergh Avenue,부클 쿠퍼 로고 맨투맨 네이비,3,2022-04-21 10:43
714,265,신용카드,glgooVagram,49900,htaschr,3298 Granby Court,스몰 사인 로고 맨투맨 블랙,4,2022-04-21 10:44
715,265,무통장입금,govcaAerified,49900,dblondin85,93 Schurz Alley,스웨트 셔츠 [멜란지 그레이],3,2022-04-21 10:45
716,265,신용카드,govcaOverhold,49900,aoxtoby5x,131 Loftsgordon Hill,C 로고 맨투맨 네이비,4,2022-04-21 10:59
717,266,신용카드,govcaSpan,49900,irosellini5u,13 Comanche Hill,스탠다드 스웨트 셔츠 - 블랙_소매 와펜 ver.,4,2022-04-21 10:59
718,266,신용카드,govcdcFixflex,49900,asenussigi,664 Maryland Junction,빅 트위치 루즈핏 크루넥 네이비,3,2022-04-21 10:59
719,266,신용카드,govcdcFlexidy,49900,eralton3o,8133 Ridgeway Park,C 로고 맨투맨 그레이,3,2022-04-21 10:59
720,266,신용카드,govcensusKanlam,49900,pcoghlanex,754 Bayside Court,헤비웨이트 오버사이즈 스웨트셔츠 [블랙],3,2022-04-21 11:00
721,267,신용카드,govcensusSonsing,49900,qhellicarhf,96 Monument Junction,베츠 어센틱 맨투맨 블랙,2,2022-04-19 23:16
722,267,신용카드,govcensusZaamDox,49900,jrainsden77,7 Darwin Terrace,엔젤 와펜 맨투맨 블랙,5,2022-04-19 23:29
723,267,신용카드,govdotQuo Lux,499000,amcclarenu,5744 Rigney Center,럭비 맨투맨 네이비,3,2022-04-19 23:29
724,268,무통장입금,govfdaFixflex,149700,lgooddingjs,08 Fuller Alley,스몰 사인 로고 맨투맨 그레이,4,2022-04-19 23:44
725,268,무통장입금,govfdaVoltsillam,199500,dmccabern,3806 Barby Terrace,엔젤 와펜 맨투맨 그레이,3,2022-04-19 23:48
726,269,신용카드,govfdaZathin,418600,rharfletedu,05135 La Follette Parkway,엔젤 와펜 맨투맨 아이보리,5,2022-04-20 23:32
727,286,신용카드,govfemaBamity,319200,emacmichaelli,33 Fuller Place,스탠다드 스웨트 셔츠 - 멜란지 그레이_소매 와펜 ver.,5,2022-04-20 23:33
728,287,신용카드,govfemaFix San,249500,gwhittekga,540 Tomscot Road,아치 로고 맨투맨 네이비,3,2022-04-20 23:44
729,288,무통장입금,govfemaFlexidy,49900,lnuschehd,56 Fair Oaks Plaza,릴랙스 오버사이즈 크루넥 - 베이지 / CM1408,4,2022-04-21 10:36
730,289,무통장입금,govfemaGreenlam,49900,ehogginsa3,07827 Mcbride Alley,[처비][미들 테리] 스트링 스웨트셔츠 차콜,4,2022-04-21 10:43
731,290,무통장입금,govfemaSpan,49900,mmckibbengd,847 Warner Place,[SET] 베이직 라인 셋업,4,2022-04-21 10:44
732,286,무통장입금,govfemaStringtough,49900,dhaysham2u,99 Truax Place,드롭숄더 배드베어 맨투맨 네이비,4,2022-04-21 10:45
733,287,무통장입금,govfemaZamit,49900,pleeburnpp,02 John Wall Alley,우먼즈 크롭 베어프렌즈 엠보자수 맨투맨 오트밀(FCB3TS355W),2,2022-04-21 10:59
734,288,무통장입금,govftcAlpha,49900,ndearyiu,581 Linden Point,650g 덤블 오리지널무지 기모 맨투맨 OGMT1921,3,2022-04-21 10:59
735,289,무통장입금,govftcAlphazap,39900,gmellanby23,0 Village Road,플랫 테리 오버사이즈 스트링 스웨트셔츠 [블랙],5,2022-04-21 10:59
736,290,신용카드,govftcLatlux,49900,sgladeche55,643 Nobel Crossing,오버핏 아치 로고 스웨트 셔츠-네이비,3,2022-04-21 10:59
737,286,신용카드,govhhsSpan,49900,kmathivet75,997 Paget Center,헤비 코튼 오버 럭비 맨투맨 _Melange Gray,5,2022-04-21 11:00
738,286,신용카드,govhhsVeribet,49900,sthomazetf,1 Dottie Trail,5-,5,2022-04-21 11:49
739,286,신용카드,govhouseBamity,49900,sharnimanv,688 Twin Pines Park,레이아웃 로고 맨투맨 블랙,4,2022-04-21 15:07
740,286,신용카드,govhouseMatsoft,49900,kandrewsee,449 Sheridan Plaza,NSW 클럽 맨투맨 5종류,4,2022-04-21 16:06
741,286,신용카드,govhouseStim,49900,aleggatk1,3 Maryland Junction,[S600NA] 더블 드라이 에코 플리스 크루 - 네이비,2,2022-04-22 19:16
742,287,신용카드,govhudCardguard,49900,rstraffono3,5105 Cambridge Point,S600 파워블랜드 무지 맨투맨 크루넥,4,2022-04-24 1:23
743,287,무통장입금,govhudRonstring,49900,bbrunelleschi34,5732 Westerfield Street,[UNISEX]엘보우 스마일드로잉 클립 맨투맨_블랙,4,2022-04-24 14:10
744,287,신용카드,govhudSonair,49900,rroberti9z,6 Kinsman Park,스몰 사인 로고 맨투맨 네이비,4,2022-04-24 14:17
745,287,신용카드,govhudSubEx,49900,hhalt5f,76138 Blackbird Plaza,[유아인 착용 상품] 릴렉스드 베이식 블레이저 [블랙],5,2022-04-24 14:17
746,288,신용카드,govhudZamit,49900,sseareslj,85 Towne Street,린넨 라이크 셋업 수트 오트밀,3,2022-04-24 14:18
747,288,신용카드,govirsAerified,49900,mkelseyf8,1154 Lunder Crossing,오버사이즈 블레이저 [블랙],4,2022-04-24 14:21
748,288,신용카드,govirsDuobam,49900,tguswell4v,2 Iowa Crossing,베이식 블레이저 [블랙],5,2022-04-27 21:39
749,289,신용카드,govirsSonsing,49900,boseltonlw,873 Esker Lane,린넨 라이크 셋업 수트 블랙,4,2022-04-19 23:16
750,289,신용카드,govlocFlexidy,49900,rduryqo,73 Michigan Trail,라이트웨이트 베이식 블레이저 [블랙],3,2022-04-19 23:29
751,290,무통장입금,govlocZaamDox,499000,bkidman2s,3993 Hooker Lane,쿨 린넨 오버사이즈 셋업 블레이저 [BLACK],4,2022-04-19 23:29
752,309,무통장입금,govnihLatlux,149700,obratchcy,589 Homewood Center,[SET] 22SS 쿨맥스 위버쿨 자켓 & 쿨맥스 테이퍼드핏  슬랙스,3,2022-04-19 23:44
753,310,신용카드,govnihOpela,199500,ltoursha,1 Butterfield Junction,[유아인 착용 상품] 대디 숄더 오버사이즈 블레이저 [블랙],4,2022-04-19 23:48
754,311,신용카드,govnoaaSonsing,418600,adraayerpl,97769 Walton Trail,사이드픽스 슈팅 수트셋업 네이비,4,2022-04-20 23:32
755,312,신용카드,govnoaaTresZap,319200,dcashell4h,19647 Basil Avenue,린넨 쓰리피스 셋업_블랙,2,2022-04-20 23:33
756,313,무통장입금,govnpsCardguard,249500,mcutcheycc,13586 Badeau Center,M1745 여름용 린넨 셋업 (베이지),4,2022-04-20 23:44
757,309,무통장입금,govnpsHome Ing,49900,gcoultas3g,73429 Fair Oaks Road,오버사이즈 블레이저 [미디엄 그레이],2,2022-04-21 10:36
758,310,무통장입금,govnpsOpela,49900,jgoodered4f,46 Holy Cross Trail,[SET] 22SS 쿨맥스 위버쿨 자켓 & 쿨맥스 세미와이드핏 슬랙스,2,2022-04-21 10:43
759,311,무통장입금,govsenateGembucket,49900,mtandyj,97 Shelley Trail,네이처 싱글 셋업 수트 베이지,4,2022-04-21 10:44
760,312,무통장입금,govstateMat Lam Tam,49900,banglingm,94 Mitchell Park,우먼즈 오버사이즈 블레이저 [블랙],4,2022-04-21 10:45
761,313,무통장입금,govstateRedhold,49900,bwhoolehanc,29438 Kensington Trail,[쿨탠다드] 릴렉스드 베이식 블레이저 [블랙],4,2022-04-21 10:59
762,309,무통장입금,govusaHome Ing,49900,garnholtzh6,7365 Maryland Point,린넨 쓰리피스 셋업_베이지,4,2022-04-21 10:59
763,309,신용카드,govusaStim,39900,lszymonowiczai,3324 Westport Hill,[SET]아일리쉬 린넨 세미 오버핏 싱글 자켓 벨트팬츠 셋업_Linen,4,2022-04-21 10:59
764,309,신용카드,govusdaOpela,49900,epetryr9,76491 Goodland Avenue,라이트웨이트 릴렉스드 베이식 블레이저 [블랙],5,2022-04-21 10:59
765,309,신용카드,govusdaTampflex,49900,allorenskk,8411 Kings Road,[NF] 핀턱 아일렛 원피스 (CHARCOAL)_F22QD321,4,2022-04-21 11:00
766,309,신용카드,govusdaTemp,49900,gpennicott7w,9513 Maryland Lane,핀턱 셔츠 롱 원피스 레이온블랙 MDOP043RNBLACK,4,2022-04-19 23:16
767,309,신용카드,govusgsDaltfresh,49900,ipiscoeg,06 Cambridge Circle,[쿨탠다드] 우먼즈 피케 폴로 원피스 [블랙],4,2022-04-19 23:29
768,310,신용카드,govusgsProdder,49900,hbrazenor2f,1 Milwaukee Place,[쿨탠다드] 우먼즈 피케 폴로 원피스 [네이비],3,2022-04-19 23:29
769,310,신용카드,govusgsTampflex,49900,bcrombleholmeri,115 Dixon Road,라이 맥시 롱 원피스 black[블랙],5,2022-04-19 23:44
770,310,무통장입금,govusgsTin,49900,hlazarusnd,5 Green Ridge Parkway,여성 트위스트 셔츠 원피스 - 에스프레소 / DR254LF588495,4,2022-04-19 23:48
771,310,신용카드,govusgsZoolab,49900,cwheatmanb7,4 Mendota Plaza,여성 트위스트 원피스 - 레몬 글레이즈 / W221DR254LF588500,4,2022-04-20 23:32
772,311,신용카드,govvaBitchip,49900,nkinnard4i,1 2nd Park,여성 트위스트 원피스 - 라일락 아이스 / DR254LF588817,5,2022-04-20 23:33
773,311,신용카드,govvaStringtough,49900,tsutherby9q,64 Morningstar Hill,베이직 피케카라 원피스_SPOMC24G04,5,2022-04-20 23:44
774,311,신용카드,govvaZaamDox,49900,jhackworthf4,82 Moland Center,NOI672 부클 니트 원피스 (블랙),4,2022-04-21 10:36
775,311,신용카드,govwhitehouseAlphazap,49900,tnewbornoa,884 Main Crossing,스퀘어넥 슬리브리스 원피스_Purple,4,2022-04-21 10:43
776,312,신용카드,govwhitehouseCardify,49900,mdominguez1c,13 Katie Way,브러쉬 코르셋 원피스-아이보리,4,2022-04-21 10:44
777,312,신용카드,govwhitehouseFixflex,49900,ldurrandoc,49 Harper Hill,플레인 써머 원피스 OUOOP002-WT,4,2022-04-21 10:45
778,313,신용카드,govwhitehouseGembucket,49900,fkimmince33,4338 Mayfield Pass,여성 타이포그래피 루즈핏 기본원피스/FC1WOP01F WHITE,4,2022-04-21 10:59
779,309,무통장입금,govwhitehouseVeribet,499000,mgroucutta7,98819 Dahle Park,하프 슬리브 롱 원피스 ADS201002-BK,3,2022-04-21 10:59
780,310,무통장입금,hkcomgoogleQuo Lux,149700,ecandish2d,32140 Linden Crossing,하프 슬리브  롱 원피스 ADS201002-MT,4,2022-04-21 10:59
781,311,신용카드,infoaboutadsSonsing,199500,pmacmichaelkc,3 Fulton Parkway,플레인 써머 원피스 OUOOP002-BK,4,2022-04-21 10:59
782,312,신용카드,intwhoFintone,418600,ndowninggu,24117 Nancy Way,[NF] 핀턱 아일렛 원피스 (CHARCOAL)_F22QD321,5,2022-04-21 11:00
783,313,신용카드,intwhoOverhold,319200,mrobertsenb1,00297 Buhler Terrace, WOMEN 쿨링 여름 코튼 데일리 미니원피스 [BLACK] 무지 ver.,3,2022-04-21 11:49
784,309,무통장입금,intwhoVentosanzap,249500,jclohissyi8,36 Harbort Alley, WOMEN 쿨링 여름 코튼 데일리 미니원피스 [WHITE] 무지 ver.,2,2022-04-21 15:07
785,310,무통장입금,iogithubGreenlam,49900,cstarcksp9,5250 Doe Crossing Circle,네이비 포켓 반팔 니트 원피스 (162471DS1R),3,2022-04-21 16:06
786,311,무통장입금,iogithubIt,49900,pludlam2k,6393 Bartillon Trail, 플레어 슬리브리스 원피스,3,2022-04-22 19:16
787,312,무통장입금,iogithubTin,49900,jjopp3j,28186 Cody Avenue, 우먼즈 퍼프 슬리브 티셔츠 드레스 [블랙],4,2022-04-24 1:23
788,313,무통장입금,iopenMatsoft,49900,lwoltonpw,33156 Harper Parkway, 캡슐로고 민소매 원피스 CS LOGO SLEEVELESS ONE-PIECE,3,2022-04-24 14:10
789,309,무통장입금,iopenSpan,49900,sperche9m,7 Elka Junction, 클래식 타이트 서머 드레스 - 블루 / HC2044,4,2022-04-24 14:17
790,309,무통장입금,iopenTempsoft,49900,vferrieri7a,4 Atwood Junction, 블루 데님 미니원피스 (352471IP1Q),4,2022-04-24 14:17
791,309,신용카드,iosoupOpela,39900,fslaygs,3 Maple Alley, 언발 플레어 스트링 셔츠 원피스 MJ06OP300HJJ,5,2022-04-24 14:18
792,309,신용카드,itgoogleRank,49900,chrinishinnc,070 Onsgard Place, 아이보리 리넨 플라워 티어드 미니 원피스 (322571FY20),4,2022-04-24 14:21
793,309,신용카드,itpaginegialleJob,49900,echidgeybf,487 Jackson Junction, 블랙 슬리브리스 롱 원피스 (322571FY15),3,2022-04-27 21:39
794,309,신용카드,itpaginegialleOpela,49900,hgiblin45,5005 Kings Avenue, 블루 자수 캉캉 미니 원피스 (162571FY1P),3,2022-04-19 23:16
795,310,신용카드,ittuttocittaBiodex,49900,jack,?쒖슱???⑹궛援?2, 블랙 레이스 배색 미니 원피스 (322471DYA5),4,2022-04-19 23:29
796,310,신용카드,ittuttocittaOtcom,49900,dviscomi,645 Autumn Leaf Junction, 블랙 플리츠 홀터넥 미니 원피스 (322571FY35),5,2022-04-19 23:29
797,310,신용카드,jack,49900,lmenzies19,92 Judy Terrace, 스카이 블루 골지 슬림핏 롱 원피스 (112571AC1Q),4,2022-04-19 23:44
798,310,무통장입금,qwer,49900,mmorey84,521 Roth Parkway, (W) CGC 루즈핏 피케 원피스 네이비,3,2022-04-19 23:48
799,311,신용카드,sdf,49900,pturoneft,7 Amoth Alley, 블랙 골지 슬림핏 롱 원피스 (112571AC15),3,2022-04-20 23:32
800,311,신용카드,son,49900,rkeydena4,0908 Comanche Drive, 클래식 타이트 서머 드레스 - 블랙 / HC2039,5,2022-04-20 23:33
801,311,신용카드,use06048,49900,fcovottilp,92 Eagle Crest Street, 빅 카라 트위드 자켓 드레스 (퍼플),4,2022-04-20 23:44
802,311,신용카드,yusub1,49900,abannesterau,81679 Waywood Way, [쿨탠다드] 우먼즈 피케 폴로 원피스 [블루 그레이],3,2022-04-21 10:36
,,,,,,,,,
,,,,,,,,,
,,,,,,,,,
,,,,,,,,,
,,,,,,,,,
,,,,,,,,,
,,,,,,,,,
,,,,,,,,,
,,,,,,,,,
,,,,,,,,,
,,,,,,,,,
,,,,,,,,,
,,,,,,,,,
,,,,,,,,,
,,,,,,,,,
,,,,,,,,,
,,,,,,,,,
,,,,,,,,,
,,,,,,,,,
,,,,,,,,,
,,,,,,,,,
,,,,,,,,,
,,,,,,,,,
,,,,,,,,,
,,,,,,,,,
,,,,,,,,,
,,,,,,,,,
,,,,,,,,,
,,,,,,,,,
,,,,,,,,,
,,,,,,,,,
,,,,,,,,,
,,,,,,,,,
,,,,,,,,,
,,,,,,,,,
,,,,,,,,,
,,,,,,,,,
,,,,,,,,,
,,,,,,,,,
,,,,,,,,,
,,,,,,,,,
,,,,,,,,,
,,,,,,,,,
,,,,,,,,,
,,,,,,,,,
,,,,,,,,,
,,,,,,,,,
,,,,,,,,,
,,,,,,,,,
,,,,,,,,,
,,,,,,,,,
,,,,,,,,,
,,,,,,,,,
,,,,,,,,,
,,,,,,,,,
,,,,,,,,,
,,,,,,,,,
,,,,,,,,,
,,,,,,,,,
,,,,,,,,,
,,,,,,,,,
,,,,,,,,,
,,,,,,,,,
,,,,,,,,,
,,,,,,,,,
,,,,,,,,,
,,,,,,,,,
,,,,,,,,,
,,,,,,,,,
,,,,,,,,,
,,,,,,,,,
,,,,,,,,,
,,,,,,,,,
,,,,,,,,,
,,,,,,,,,
,,,,,,,,,
,,,,,,,,,
,,,,,,,,,
,,,,,,,,,
,,,,,,,,,
,,,,,,,,,
,,,,,,,,,
,,,,,,,,,
,,,,,,,,,
,,,,,,,,,
,,,,,,,,,
,,,,,,,,,
,,,,,,,,,
,,,,,,,,,
,,,,,,,,,
,,,,,,,,,
,,,,,,,,,
,,,,,,,,,
,,,,,,,,,
,,,,,,,,,
,,,,,,,,,
,,,,,,,,,
,,,,,,,,,
,,,,,,,,,
,,,,,,,,,
,,,,,,,,,
,,,,,,,,,
,,,,,,,,,
,,,,,,,,,
,,,,,,,,,
,,,,,,,,,
,,,,,,,,,
,,,,,,,,,
,,,,,,,,,
,,,,,,,,,
,,,,,,,,,
,,,,,,,,,
,,,,,,,,,
,,,,,,,,,
,,,,,,,,,
,,,,,,,,,
,,,,,,,,,
,,,,,,,,,
,,,,,,,,,
,,,,,,,,,
,,,,,,,,,
,,,,,,,,,
,,,,,,,,,
,,,,,,,,,
,,,,,,,,,
,,,,,,,,,
,,,,,,,,,
,,,,,,,,,
,,,,,,,,,
,,,,,,,,,
,,,,,,,,,
,,,,,,,,,
,,,,,,,,,
,,,,,,,,,
,,,,,,,,,
,,,,,,,,,
,,,,,,,,,
,,,,,,,,,
,,,,,,,,,
,,,,,,,,,
,,,,,,,,,
,,,,,,,,,
,,,,,,,,,
,,,,,,,,,
,,,,,,,,,
,,,,,,,,,
,,,,,,,,,
,,,,,,,,,
,,,,,,,,,
,,,,,,,,,
